회사명,종목코드,상장일
인투셀,287840,2025-05-23
달바글로벌,483650,2025-05-22
바이오비쥬,489460,2025-05-20
이뮨온시아,424870,2025-05-19
바이오포트,188040,2025-05-16
티씨머티리얼즈,125020,2025-05-15
로킷헬스케어,376900,2025-05-12
오가노이드사이언스,476040,2025-05-09
원일티엔아이,136150,2025-05-09
나우로보틱스,459510,2025-05-08
에이아이코리아,364950,2025-04-29
쎄크,081180,2025-04-28
한국피아이엠,448900,2025-04-04
에이유브랜즈,481070,2025-04-03
우양에이치씨,101970,2025-03-28
더즌,462860,2025-03-24
심플랫폼,444530,2025-03-21
티엑스알로보틱스,484810,2025-03-20
한텍,098070,2025-03-20
한화플러스제5호스팩,498390,2025-03-20
씨케이솔루션,480370,2025-03-17
서울보증보험,031210,2025-03-14
에스엠씨지,460870,2025-03-07
엠디바이스,226590,2025-03-07
대진첨단소재,393970,2025-03-06
에르코스,435570,2025-02-28
엘케이켐,489500,2025-02-25
위너스,479960,2025-02-24
모티브링크,463480,2025-02-20
동국생명과학,303810,2025-02-17
오름테라퓨틱,475830,2025-02-14
동방메디컬,240550,2025-02-13
아이에스티이,212710,2025-02-12
LG씨엔에스,064400,2025-02-05
아이지넷,462980,2025-02-04
피아이이,452450,2025-02-04
삼양엔씨켐,482630,2025-02-03
데이원컴퍼니,373160,2025-01-24
아스테라시스,450950,2025-01-24
와이즈넛,096250,2025-01-24
미트박스,475460,2025-01-23
유안타제17호스팩,493790,2025-01-23
블랙야크아이앤씨,478560,2025-01-21
오션스바이오,332190,2025-01-14
엠에프씨,432980,2024-12-26
파인메딕스,387570,2024-12-26
쓰리에이로직스,177900,2024-12-24
GS피앤엘,499790,2024-12-23
신한제14호스팩,487360,2024-12-23
유비씨,495810,2024-12-23
창대정밀,368030,2024-12-23
듀켐바이오,176750,2024-12-20
키움제10호스팩,487720,2024-12-20
에스지헬스케어,398120,2024-12-19
온코닉테라퓨틱스,476060,2024-12-19
온코크로스,382150,2024-12-18
벡트,457600,2024-12-16
엠앤씨솔루션,484870,2024-12-16
셀로맥스사이언스,471820,2024-12-13
에이엠시지,495900,2024-12-13
KB제31호스팩,492220,2024-12-12
키움제11호스팩,489480,2024-12-11
KB발해인프라,415640,2024-11-29
디비금융제13호스팩,489730,2024-11-28
교보17호스팩,489210,2024-11-21
대신밸런스제19호스팩,482690,2024-11-20
위츠,459100,2024-11-20
유디엠텍,389680,2024-11-20
RF시스템즈,474610,2024-11-19
사이냅소프트,466410,2024-11-19
하나34호스팩,484130,2024-11-19
에스켐,475660,2024-11-18
엠오티,413390,2024-11-18
신한제15호스팩,487830,2024-11-15
쓰리빌리언,394800,2024-11-14
닷밀,464580,2024-11-13
노머스,473980,2024-11-12
에어레인,163280,2024-11-08
토모큐브,475960,2024-11-07
더본코리아,475560,2024-11-06
에이치이엠파마,376270,2024-11-05
에이럭스,475580,2024-11-01
탑런토탈솔루션,336680,2024-11-01
성우,458650,2024-10-31
유진스팩11호,488060,2024-10-31
타조엔터테인먼트,476710,2024-10-30
클로봇,466100,2024-10-28
에이치엔에스하이텍,044990,2024-10-25
웨이비스,289930,2024-10-25
씨메스,475400,2024-10-24
한켐,457370,2024-10-22
루미르,474170,2024-10-21
와이제이링크,209640,2024-10-18
인스피언,465480,2024-10-18
셀비온,308430,2024-10-16
제닉스,381620,2024-09-30
차이커뮤니케이션,351870,2024-09-27
한화비전,489790,2024-09-27
KB제30호스팩,486630,2024-09-25
아이언디바이스,464500,2024-09-23
미래에셋비전스팩7호,482680,2024-09-11
아이비젼웍스,469750,2024-09-03
아이스크림미디어,461300,2024-08-30
이엔셀,456070,2024-08-23
M83,476080,2024-08-22
대신밸런스제18호스팩,478780,2024-08-22
티디에스팜,464280,2024-08-21
넥스트바이오메디컬,389650,2024-08-20
케이쓰리아이,431190,2024-08-20
전진건설로봇,079900,2024-08-19
유라클,088340,2024-08-16
교보16호스팩,482520,2024-08-13
뱅크웨어글로벌,199480,2024-08-12
아이빔테크놀로지,460470,2024-08-06
피앤에스미캐닉스,460940,2024-07-31
HS효성,487570,2024-07-29
산일전기,062040,2024-07-29
엔에이치스팩31호,481890,2024-07-26
SK증권제13호스팩,473950,2024-07-25
엑셀세라퓨틱스,373110,2024-07-15
이베스트스팩6호,478110,2024-07-12
시프트업,462870,2024-07-11
하스,450330,2024-07-03
이노스페이스,462350,2024-07-02
신한글로벌액티브리츠,481850,2024-07-01
에이치브이엠,295310,2024-06-28
팡스카이,266350,2024-06-28
하이젠알앤엠,160190,2024-06-27
한국제15호스팩,479880,2024-06-26
에스오에스랩,464080,2024-06-25
미래에셋비전스팩6호,478440,2024-06-24
에이치엠씨제7호스팩,477340,2024-06-24
파라다이스,034230,2024-06-24
한중엔시에스,107640,2024-06-24
KB제29호스팩,478390,2024-06-21
미래에셋비전스팩5호,477470,2024-06-19
씨어스테크놀로지,458870,2024-06-19
디비금융스팩12호,477760,2024-06-18
라메디텍,462510,2024-06-17
그리드위즈,453450,2024-06-14
다원넥스뷰,323350,2024-06-11
미래에셋비전스팩4호,477380,2024-05-29
노브랜드,145170,2024-05-23
KB제28호스팩,476470,2024-05-17
아이씨티케이,456010,2024-05-17
HD현대마린솔루션,443060,2024-05-08
SK증권제12호스팩,473000,2024-05-07
코칩,126730,2024-05-07
민테크,452200,2024-05-03
카티스,140430,2024-05-03
디앤디파마텍,347850,2024-05-02
유안타제16호스팩,474490,2024-05-02
제일엠앤에스,412540,2024-04-30
삐아,451250,2024-04-25
하나33호스팩,475250,2024-04-24
신한제13호스팩,474930,2024-04-22
신한제12호스팩,474660,2024-04-15
아이엠비디엑스,461030,2024-04-03
SK이터닉스,475150,2024-03-29
하나32호스팩,475240,2024-03-27
엔젤로보틱스,455900,2024-03-26
제이투케이바이오,420570,2024-03-25
삼현,437730,2024-03-21
오상헬스케어,036220,2024-03-13
케이엔알시스템,199430,2024-03-07
비엔케이제2호스팩,473370,2024-03-05
하나31호스팩,469900,2024-03-05
SK증권제11호스팩,472230,2024-03-04
유안타제15호스팩,473050,2024-02-29
유진스팩10호,468760,2024-02-29
에이피알,278470,2024-02-27
E8,418620,2024-02-23
코셈,360350,2024-02-23
케이웨더,068100,2024-02-22
사피엔반도체,452430,2024-02-19
에스피소프트,443670,2024-02-15
스튜디오삼익,415380,2024-02-06
신영스팩10호,472220,2024-02-06
폰드그룹,472850,2024-02-02
IBKS제24호스팩,469480,2024-02-01
레이저옵텍,199550,2024-02-01
이닉스,452400,2024-02-01
엘앤에프,066970,2024-01-29
포스뱅크,105760,2024-01-29
현대힘스,460930,2024-01-26
HB인베스트먼트,440290,2024-01-25
드림인사이트,362990,2024-01-25
대신밸런스제17호스팩,471050,2024-01-24
우진엔텍,457550,2024-01-24
세븐브로이맥주,267080,2024-01-17
한빛레이저,452190,2024-01-04
포스코DX,022100,2024-01-02
DS단석,017860,2023-12-22
IBKS제23호스팩,467930,2023-12-22
하나30호스팩,469880,2023-12-22
씨싸이트,109670,2023-12-21
블루엠텍,439580,2023-12-13
LS머트리얼즈,417200,2023-12-12
케이엔에스,432470,2023-12-06
교보15호스팩,465320,2023-12-05
와이바이오로직스,338840,2023-12-05
삼성스팩9호,468510,2023-12-04
에이텀,355690,2023-12-01
엔에이치스팩30호,466910,2023-12-01
에이에스텍,453860,2023-11-28
그린리소스,402490,2023-11-24
제이엔비,452160,2023-11-24
한선엔지니어링,452280,2023-11-24
동인기연,111380,2023-11-21
에코아이,448280,2023-11-21
스톰테크,352090,2023-11-20
에코프로머티,450080,2023-11-17
캡스톤파트너스,452300,2023-11-15
프로젠,296160,2023-11-15
에스와이스틸텍,365330,2023-11-13
에이직랜드,445090,2023-11-13
한국제13호스팩,464440,2023-11-13
메가터치,446540,2023-11-09
비아이매트릭스,413640,2023-11-09
컨텍,451760,2023-11-09
큐로셀,372320,2023-11-09
쏘닉스,088280,2023-11-07
KB제27호스팩,464680,2023-11-03
세니젠,188260,2023-11-03
신시웨이,290560,2023-11-03
유진테크놀로지,240600,2023-11-02
유투바이오,221800,2023-11-02
퀄리타스반도체,432720,2023-10-27
미쥬,351020,2023-10-26
워트,396470,2023-10-26
에스엘에스바이오,246250,2023-10-20
신성에스티,416180,2023-10-19
퓨릿,445180,2023-10-18
바이오텐,289170,2023-10-13
에이치엠씨제6호스팩,462020,2023-10-13
아이엠티,451220,2023-10-10
레뷰코퍼레이션,443250,2023-10-06
두산로보틱스,454910,2023-10-05
신한제11호스팩,452980,2023-10-04
한싹,430690,2023-10-04
KT밀리의서재,418470,2023-09-27
인스웨이브,450520,2023-09-25
우듬지팜,403490,2023-09-19
코어라인소프트,384470,2023-09-18
STX그린로지스,465770,2023-09-15
상상인제4호스팩,452670,2023-09-14
율촌,146060,2023-09-08
한화플러스제4호스팩,455310,2023-09-07
대신밸런스제16호스팩,457630,2023-09-04
유안타제11호스팩,444920,2023-09-01
크라우드웍스,355390,2023-08-31
한국제12호스팩,458610,2023-08-30
시큐레터,418250,2023-08-24
스마트레이더시스템,424960,2023-08-22
넥스틸,092790,2023-08-21
캔버스엔,210120,2023-08-17
SK증권제10호스팩,457940,2023-08-11
코츠테크놀로지,448710,2023-08-10
큐리옥스바이오시스템즈,445680,2023-08-10
하나28호스팩,454750,2023-08-10
NICE평가정보,030190,2023-08-08
파두,440110,2023-08-07
엠아이큐브솔루션,373170,2023-08-04
시지트로닉스,429270,2023-08-03
에피바이오텍,446440,2023-07-31
조선내화,462520,2023-07-28
에이엘티,172670,2023-07-27
유안타제14호스팩,450940,2023-07-27
파로스아이바이오,388870,2023-07-27
길교이앤씨,456700,2023-07-26
버넥트,438700,2023-07-26
뷰티스킨,406820,2023-07-24
SK증권제9호스팩,455910,2023-07-21
와이랩,432430,2023-07-20
센서뷰,321370,2023-07-19
아이엠지티,456570,2023-07-19
필에너지,378340,2023-07-14
교보14호스팩,456490,2023-07-06
이노시뮬레이션,274400,2023-07-06
알멕,354320,2023-06-30
오픈놀,440320,2023-06-30
아이티센피엔에스,232830,2023-06-29
하나29호스팩,454640,2023-06-28
KB제25호스팩,455250,2023-06-23
엔에이치스팩29호,451700,2023-06-23
하이제8호스팩,450050,2023-06-22
가이아코퍼레이션,296520,2023-06-20
비에이치,090460,2023-06-20
동국씨엠,460850,2023-06-16
동국제강,460860,2023-06-16
프로티아,303360,2023-06-16
큐라티스,348080,2023-06-15
마녀공장,439090,2023-06-08
나라셀라,405920,2023-06-02
진영,285800,2023-06-01
이수스페셜티케미컬,457190,2023-05-31
OCI,456040,2023-05-30
기가비스,420770,2023-05-24
팸텍,271830,2023-05-23
모니터랩,434480,2023-05-19
시선AI,340810,2023-05-19
큐라켐,456190,2023-05-18
키움제8호스팩,446840,2023-05-17
트루엔,417790,2023-05-17
삼미금속,012210,2023-05-16
에스바이오메딕스,304360,2023-05-04
슈어소프트테크,298830,2023-04-28
토마토시스템,393210,2023-04-27
마이크로투나노,424980,2023-04-26
셀바이오휴먼텍,318160,2023-04-20
SK오션플랜트,100090,2023-04-19
삼성FN리츠,448730,2023-04-10
현대그린푸드,453340,2023-04-10
미래에셋비전스팩3호,448830,2023-04-07
IBKS제22호스팩,448760,2023-04-06
하나27호스팩,448370,2023-04-06
한화갤러리아,452260,2023-03-31
지아이이노베이션,358570,2023-03-30
LB인베스트먼트,309960,2023-03-29
한화리츠,451800,2023-03-27
유안타제12호스팩,446150,2023-03-17
엑스게이트,356680,2023-03-16
미래에셋드림스팩1호,442900,2023-03-15
금양그린파워,282720,2023-03-13
라온텍,418420,2023-03-09
자람테크놀로지,389020,2023-03-07
하나26호스팩,446750,2023-03-07
나노팀,417010,2023-03-03
바이오인프라,199730,2023-03-02
삼성스팩8호,448740,2023-03-02
유안타제13호스팩,449020,2023-02-28
미래에셋비전스팩2호,446190,2023-02-24
이노진,344860,2023-02-20
화인써키트,127980,2023-02-17
제이오,418550,2023-02-16
샌즈랩,411080,2023-02-15
꿈비,407400,2023-02-09
스튜디오미르,408900,2023-02-07
삼기에너지솔루션즈,419050,2023-02-03
코오롱모빌리티그룹,450140,2023-01-31
오브젠,417860,2023-01-30
미래반도체,254490,2023-01-27
지슨,289860,2023-01-26
태양3C,052960,2023-01-26
티이엠씨,425040,2023-01-19
한주라이트메탈,198940,2023-01-19
옵티코어,380540,2022-12-29
아이오바이오,447690,2022-12-28
타이드,346010,2022-12-28
신영스팩9호,445970,2022-12-27
신스틸,162300,2022-12-23
지에프씨생명과학,388610,2022-12-23
바이오노트,377740,2022-12-22
비엔케이제1호스팩,445360,2022-12-22
마이크로엔엑스,448780,2022-12-21
애니메디솔루션,390110,2022-12-21
IBKS제21호스팩,442770,2022-12-16
엔에이치스팩27호,440820,2022-12-16
핑거스토리,417180,2022-12-08
SAMG엔터,419530,2022-12-06
대신밸런스제14호스팩,442310,2022-12-05
엔에이치스팩26호,439410,2022-12-01
유진스팩9호,442130,2022-12-01
아하,102950,2022-11-30
인터로이드,311960,2022-11-29
유니드비티플러스,446070,2022-11-28
펨트론,168360,2022-11-24
인벤티지랩,389470,2022-11-22
엔젯,419080,2022-11-18
유비온,084440,2022-11-18
티쓰리,204610,2022-11-17
티에프이,425420,2022-11-17
윤성에프앤씨,372170,2022-11-14
디티앤씨알오,383930,2022-11-11
뉴로메카,348340,2022-11-04
제이아이테크,417500,2022-11-04
LX세미콘,108320,2022-11-03
엔에이치스팩25호,438580,2022-11-03
교보13호스팩,440790,2022-11-02
큐알티,405100,2022-11-02
IBKS제20호스팩,439730,2022-10-28
저스템,417840,2022-10-28
산돌,419120,2022-10-27
삼성스팩7호,439250,2022-10-26
탈로스,434190,2022-10-24
플라즈맵,405000,2022-10-21
핀텔,291810,2022-10-20
샤페론,378800,2022-10-19
비스토스,419540,2022-10-18
탑머티리얼,360070,2022-10-18
에스비비테크,389500,2022-10-17
오에스피,368970,2022-10-14
모델솔루션,417970,2022-10-07
이노룰스,296640,2022-10-07
파인엠텍,441270,2022-10-07
KB스타리츠,432320,2022-10-06
선바이오,067370,2022-10-05
더블유씨피,393890,2022-09-30
알피바이오,314140,2022-09-29
티엘엔지니어링,413300,2022-09-27
오픈엣지테크놀로지,394280,2022-09-26
신영스팩8호,430220,2022-08-26
대성하이텍,129920,2022-08-22
쏘카,403550,2022-08-22
에이치와이티씨,148930,2022-08-09
새빗켐,107600,2022-08-04
수산인더스트리,126720,2022-08-01
아이씨에이치,368600,2022-07-29
성일하이텍,365340,2022-07-28
에이프릴바이오,397030,2022-07-28
퓨쳐메디신,341170,2022-07-27
벨로크,424760,2022-07-22
루닛,328130,2022-07-21
바스칸바이오제약,354390,2022-07-20
HPSP,403870,2022-07-15
와이씨켐,112290,2022-07-14
코난테크놀로지,402030,2022-07-07
넥스트칩,396270,2022-07-01
레이저쎌,412350,2022-06-24
보로노이,310210,2022-06-24
위니아에이드,377460,2022-06-23
비큐AI,148780,2022-06-20
범한퓨얼셀,382900,2022-06-17
코나솔,176590,2022-06-15
청담글로벌,362320,2022-06-03
마스턴프리미어리츠,357430,2022-05-31
가온칩스,399720,2022-05-20
대명에너지,389260,2022-05-16
포바이포,389140,2022-04-28
지투파워,388050,2022-04-01
씨피시스템,413630,2022-03-31
코람코더원리츠,417310,2022-03-28
세아메카닉스,396300,2022-03-24
공구우먼,366030,2022-03-23
유일로보틱스,388720,2022-03-18
모아데이타,288980,2022-03-10
메쎄이상,408920,2022-03-07
노을,376930,2022-03-03
비씨엔씨,146320,2022-03-03
풍원정밀,371950,2022-02-28
스톤브릿지벤처스,330730,2022-02-25
브이씨,365900,2022-02-24
퓨런티어,370090,2022-02-23
바이오에프디엔씨,251120,2022-02-21
인카금융서비스,211050,2022-02-16
나래나노텍,137080,2022-02-08
아셈스,136410,2022-02-07
스코넥,276040,2022-02-04
이지트로닉스,377330,2022-02-04
LG에너지솔루션,373220,2022-01-27
애드바이오텍,179530,2022-01-24
케이옥션,102370,2022-01-24
코스텍시스템,169670,2022-01-21
오토앤,353590,2022-01-20
아티스트스튜디오,200350,2021-12-30
라피치,403360,2021-12-14
제이엠멀티,254160,2021-12-13
신한서부티엔디리츠,404990,2021-12-10
툴젠,199800,2021-12-10
미래에셋글로벌리츠,396690,2021-12-03
켈스,402420,2021-11-30
SK스퀘어,402340,2021-11-29
마음AI,377480,2021-11-23
알비더블유,361570,2021-11-22
NH올원리츠,400760,2021-11-18
NPX,222160,2021-11-18
트윔,290090,2021-11-17
아이티아이즈,372800,2021-11-11
지오엘리먼트,311320,2021-11-11
SKAI,357880,2021-11-10
디어유,376300,2021-11-10
지니너스,389030,2021-11-08
카카오페이,377300,2021-11-03
피코그램,376180,2021-11-03
엔켐,348370,2021-11-01
리파인,377450,2021-10-29
지앤비에스 에코,382800,2021-10-29
아이패밀리에스씨,114840,2021-10-28
차백신연구소,261780,2021-10-22
지아이텍,382480,2021-10-21
코닉오토메이션,391710,2021-10-15
케이카,381970,2021-10-13
씨유테크,376290,2021-10-08
아스플로,159010,2021-10-07
원준,382840,2021-10-07
실리콘투,257720,2021-09-29
에스앤디,260970,2021-09-29
프롬바이오,377220,2021-09-28
바이오플러스,099430,2021-09-27
HD현대중공업,329180,2021-09-17
SK리츠,395400,2021-09-14
와이엠텍,273640,2021-09-10
에이비온,203400,2021-09-08
라이콤,388790,2021-09-03
일진하이솔루스,271940,2021-09-01
디앤디플랫폼리츠,377190,2021-08-27
바이젠셀,308080,2021-08-25
아주스틸,139990,2021-08-20
롯데렌탈,089860,2021-08-19
브레인즈컴퍼니,099390,2021-08-19
딥노이드,315640,2021-08-17
한컴라이프케어,372910,2021-08-17
엠로,058970,2021-08-13
플래티어,367000,2021-08-12
원티드랩,376980,2021-08-11
크래프톤,259960,2021-08-10
HK이노엔,195940,2021-08-09
PI첨단소재,178920,2021-08-09
카카오뱅크,323410,2021-08-06
에브리봇,270660,2021-07-28
비트맥스,377030,2021-07-27
큐라클,365270,2021-07-22
에스디바이오센서,137310,2021-07-16
오비고,352910,2021-07-13
엠씨넥스,097520,2021-07-06
아모센스,357580,2021-06-25
타임기술,318660,2021-06-24
이노뎁,303530,2021-06-18
라온테크,232680,2021-06-17
이성씨엔아이,379390,2021-06-04
현대ADM,187660,2021-06-03
에코프로에이치엔,383310,2021-05-28
LX홀딩스,383800,2021-05-27
진시스템,363250,2021-05-26
한울앤제주,276730,2021-05-26
F&F,383220,2021-05-21
삼영에스앤씨,361670,2021-05-21
샘씨엔에스,252990,2021-05-20
씨앤씨인터내셔널,352480,2021-05-17
에이치피오,357230,2021-05-14
SK아이이테크놀로지,361610,2021-05-11
쿠콘,294570,2021-04-28
이삭엔지니어링,351330,2021-04-21
해성에어로보틱스,059270,2021-04-21
엔시스,333620,2021-04-01
자이언트스텝,289220,2021-03-24
제노코,361390,2021-03-24
스피어,347700,2021-03-23
SK바이오사이언스,302440,2021-03-18
바이오다인,314930,2021-03-17
네오이뮨텍,950220,2021-03-16
화승알앤에이,378850,2021-03-15
싸이버원,356890,2021-03-11
프레스티지바이오로직스,334970,2021-03-11
나노씨엠에스,247660,2021-03-09
뷰노,338220,2021-02-26
엑스플러스,373200,2021-02-26
유일에너테크,340930,2021-02-25
씨이랩,189330,2021-02-24
오로스테크놀로지,322310,2021-02-24
피엔에이치테크,239890,2021-02-16
모비데이즈,363260,2021-02-10
아이퀘스트,262840,2021-02-05
프레스티지바이오파마,950210,2021-02-05
레인보우로보틱스,277810,2021-02-03
아티스트컴퍼니,321820,2021-02-03
솔루엠,248070,2021-02-02
핑거,163730,2021-01-29
모비릭스,348030,2021-01-28
씨앤투스,352700,2021-01-28
선진뷰티사이언스,086710,2021-01-27
DL이앤씨,375500,2021-01-25
엔비티,236810,2021-01-21
파이버프로,368770,2021-01-21
나우코스,257990,2020-12-30
루트락,253610,2020-12-24
ESR켄달스퀘어리츠,365550,2020-12-23
블리츠웨이엔터테인먼트,369370,2020-12-23
석경에이티,357550,2020-12-23
지놈앤컴퍼니,314130,2020-12-23
프리시젼바이오,335810,2020-12-22
알체라,347860,2020-12-21
하이딥,365590,2020-12-21
에프앤가이드,064850,2020-12-17
티엘비,356860,2020-12-14
인바이오,352940,2020-12-11
엔젠바이오,354200,2020-12-10
퀀타매트릭스,317690,2020-12-09
명신산업,009900,2020-12-07
셀레스트라,352770,2020-12-04
포인트모바일,318020,2020-12-03
앱코,129890,2020-12-02
엔에프씨,265740,2020-12-02
제일일렉트릭,199820,2020-11-26
하나기술,299030,2020-11-25
에이플러스에셋,244920,2020-11-20
티앤엘,340570,2020-11-20
고바이오랩,348150,2020-11-18
네패스아크,330860,2020-11-17
교촌에프앤비,339770,2020-11-12
소룩스,290690,2020-11-06
위드텍,348350,2020-10-30
센코,347000,2020-10-29
바이브컴퍼니,301300,2020-10-28
원포유,122830,2020-10-23
더바이오메드,214610,2020-10-22
피플바이오,304840,2020-10-19
하이브,352820,2020-10-15
넥스틴,348210,2020-10-08
케이엔솔,053080,2020-09-24
비나텍,126340,2020-09-23
씨엔알리서치,359090,2020-09-23
박셀바이오,323990,2020-09-22
티와이홀딩스,363280,2020-09-22
비비씨,318410,2020-09-21
코스텍시스,355150,2020-09-18
핌스,347770,2020-09-18
압타머사이언스,291650,2020-09-16
이오플로우,294090,2020-09-14
카카오게임즈,293490,2020-09-10
피엔케이피부임상연구센타,347740,2020-09-09
코람코라이프인프라리츠,357120,2020-08-31
아이디피,332370,2020-08-24
셀레믹스,331920,2020-08-21
고스트스튜디오,950190,2020-08-18
젝시믹스,337930,2020-08-13
영림원소프트랩,060850,2020-08-12
한국파마,032300,2020-08-10
제이알글로벌리츠,348950,2020-08-07
솔브레인,357780,2020-08-06
미래에셋맵스리츠,357250,2020-08-05
이지스레지던스리츠,350520,2020-08-05
PS일렉트로닉스,332570,2020-07-31
에코앤드림,101360,2020-07-30
엠투아이,347890,2020-07-29
더네이쳐홀딩스,298540,2020-07-27
제놀루션,225220,2020-07-24
솔트룩스,304100,2020-07-23
바이오인프라생명과학,266470,2020-07-22
티에스아이,277880,2020-07-22
에이프로,262260,2020-07-16
이지스밸류플러스리츠,334890,2020-07-16
소마젠,950200,2020-07-13
신도기연,290520,2020-07-06
위더스제약,330350,2020-07-03
에스케이바이오팜,326030,2020-07-02
엠브레인,169330,2020-07-01
젠큐릭스,229000,2020-06-25
무진메디,322970,2020-06-24
HB솔루션,297890,2020-06-22
넥사다이내믹스,351320,2020-06-22
에스씨엠생명과학,298060,2020-06-17
휴럼,353190,2020-06-17
이지바이오,353810,2020-06-05
드림씨아이에스,223250,2020-05-22
대덕전자,353200,2020-05-21
HLB사이언스,343090,2020-04-24
엔피디,198080,2020-03-16
플레이디,237820,2020-03-12
서울바이오시스,092190,2020-03-06
제이앤티씨,204270,2020-03-04
켄코아에어로스페이스,274090,2020-03-03
레몬,294140,2020-02-28
서남,294630,2020-02-20
위세아이텍,065370,2020-02-10
케이씨씨글라스,344820,2020-01-21
세림B&G,340440,2019-12-27
이앤에치,341310,2019-12-27
CJ 바이오사이언스,311690,2019-12-26
엔에스엠,238170,2019-12-26
한국첨단소재,062970,2019-12-26
RF머트리얼즈,327260,2019-12-24
아이비김영,339950,2019-12-24
브릿지바이오,288330,2019-12-20
다보링크,340360,2019-12-19
메드팩토,235980,2019-12-19
원텍,336570,2019-12-19
신테카바이오,226330,2019-12-17
제이엘케이,322510,2019-12-11
태웅로직스,124560,2019-12-10
윙스풋,335870,2019-12-09
노드메이슨,317860,2019-12-06
리메드,302550,2019-12-06
NH프라임리츠,338100,2019-12-05
비올,335890,2019-12-03
타스컴,336040,2019-12-02
진코스텍,250030,2019-11-29
웨이버스,336060,2019-11-28
유엑스엔,337840,2019-11-28
HLB바이오스텝,278650,2019-11-27
씨티알모빌리티,308170,2019-11-25
티움바이오,321550,2019-11-22
씨에스베어링,297090,2019-11-21
우양,103840,2019-11-20
코리아에셋투자증권,190650,2019-11-20
HD현대에너지솔루션,322000,2019-11-19
에스제이그룹,306040,2019-11-18
제테마,216080,2019-11-14
한화시스템,272210,2019-11-13
라파스,214260,2019-11-11
아이티엠반도체,084850,2019-11-07
일승,333430,2019-11-06
자이에스앤디,317400,2019-11-06
미디어젠,279600,2019-11-05
LS티라유텍,322180,2019-10-31
모코엠시스,333050,2019-10-31
롯데리츠,330590,2019-10-30
지누스,013890,2019-10-30
밸로프,331520,2019-10-29
캐리소프트,317530,2019-10-29
한국미라클피플사,331660,2019-10-28
케이엔제이,272110,2019-10-25
엔바이오니아,317870,2019-10-24
팜스빌,318010,2019-10-22
두산퓨얼셀,336260,2019-10-18
라온피플,300120,2019-10-18
솔루스첨단소재,336370,2019-10-18
콘텐트리중앙,036420,2019-10-18
아톤,158430,2019-10-17
녹십자웰빙,234690,2019-10-14
누보,332290,2019-10-11
포커스에이아이,331380,2019-10-02
엔지브이아이,093510,2019-09-30
올리패스,244460,2019-09-20
라닉스,317120,2019-09-18
한울반도체,320000,2019-09-18
한독크린텍,256150,2019-09-05
아퓨어스,149300,2019-09-03
네오크레마,311390,2019-08-22
마니커에프앤지,195500,2019-08-20
솔트웨어,328380,2019-08-20
나노실리칸첨단소재,286750,2019-08-19
에스피시스템스,317830,2019-08-14
레이,228670,2019-08-08
그린플러스,186230,2019-08-07
코윈테크,282880,2019-08-05
덕산테코피아,317330,2019-08-02
KBG,318000,2019-08-01
엑스페릭스,317770,2019-08-01
세경하이테크,148150,2019-07-30
캐리,313760,2019-07-25
대모,317850,2019-07-24
에이스토리,241840,2019-07-19
플리토,300080,2019-07-17
헥토파이낸셜,234340,2019-07-12
아이스크림에듀,289010,2019-07-11
펨토바이오메드,327610,2019-07-10
펌텍코리아,251970,2019-07-04
에이에프더블류,312610,2019-07-01
태성,323280,2019-06-24
엠에프엠코리아,323230,2019-06-19
압타바이오,293780,2019-06-12
형지글로벌,308100,2019-06-10
마이크로디지탈,305090,2019-06-05
코퍼스코리아,322780,2019-05-31
프로이천,321260,2019-05-31
포스코퓨처엠,003670,2019-05-29
수젠텍,253840,2019-05-28
컴퍼니케이,307930,2019-05-23
피에스케이,319660,2019-05-10
현대무벡스,319400,2019-05-08
TS트릴리온,317240,2019-04-29
이노벡스,279060,2019-04-12
아모그린텍,125210,2019-03-29
현대오토에버,307950,2019-03-28
지노믹트리,228760,2019-03-27
이지케어텍,099750,2019-03-22
미래에셋벤처투자,100790,2019-03-15
드림텍,192650,2019-03-14
더블유게임즈,192080,2019-03-12
에코프로비엠,247540,2019-03-05
셀리드,299660,2019-02-20
우리금융지주,316140,2019-02-13
천보,278280,2019-02-11
SCL사이언스,246960,2019-02-01
노랑풍선,104620,2019-01-30
웹케시,053580,2019-01-25
엘에이티,311060,2018-12-28
에어부산,298690,2018-12-27
비피도,238200,2018-12-26
유틸렉스,263050,2018-12-24
디케이티,290550,2018-12-21
아이엘,307180,2018-12-21
애니플러스,310200,2018-12-21
테크엔,308700,2018-12-21
디와이씨,310870,2018-12-20
오하임앤컴퍼니,309930,2018-12-20
위지윅스튜디오,299900,2018-12-20
국전약품,307750,2018-12-19
에이비엘바이오,298380,2018-12-19
머큐리,100590,2018-12-14
전진바이오팜,110020,2018-12-14
뉴트리,270870,2018-12-13
비투엔,307870,2018-12-12
이노메트리,302430,2018-12-12
DH오토리드,290120,2018-12-07
에코캡,128540,2018-12-05
원바이오젠,307280,2018-12-05
윙입푸드,900340,2018-11-30
남화산업,111710,2018-11-29
엠아이텍,179290,2018-11-29
티로보틱스,117730,2018-11-29
네오펙트,290660,2018-11-28
에이펙스인텍,207490,2018-11-28
티앤알바이오팹,246710,2018-11-28
나라소프트,288490,2018-11-23
아시아나IDT,267850,2018-11-23
디알젬,263690,2018-11-22
싸이토젠,217330,2018-11-22
아주IB투자,027360,2018-11-21
파멥신,208340,2018-11-21
디케이앤디,263020,2018-11-20
퀀텀온,227100,2018-11-15
노바렉스,194700,2018-11-14
대보마그네틱,290670,2018-11-06
노바텍,285490,2018-11-02
엘앤씨바이오,290650,2018-11-01
네온테크,306620,2018-10-31
로보티즈,108490,2018-10-26
옵티팜,153710,2018-10-26
에스퓨얼셀,288620,2018-10-15
세아제강,306200,2018-10-05
나우IB,293580,2018-10-04
푸드나무,290720,2018-10-04
하나제약,293480,2018-10-02
크리스에프앤씨,110790,2018-10-01
더블유에스아이,299170,2018-09-21
한국비티비,219750,2018-09-21
우진아이엔에스,010400,2018-09-14
엔피,291230,2018-09-13
피엔티엠에스,257370,2018-09-13
엔솔바이오사이언스,140610,2018-09-10
디지캡,197140,2018-09-07
지니틱스,303030,2018-08-30
액트로,290740,2018-08-28
오파스넷,173130,2018-08-24
브이엠,089970,2018-08-23
바이오솔루션,086820,2018-08-20
더콘텐츠온,302920,2018-08-13
대유,290380,2018-08-10
신한알파리츠,293940,2018-08-08
디아이티,110990,2018-08-07
에스에스알,275630,2018-08-06
한일시멘트,300720,2018-08-06
휴네시온,290270,2018-08-02
티웨이항공,091810,2018-08-01
롯데이노베이트,286940,2018-07-27
한국유니온제약,080720,2018-07-26
그리티,204020,2018-07-23
알로이스,297570,2018-07-20
올릭스,226950,2018-07-18
HS효성첨단소재,298050,2018-07-13
테크트랜스,258050,2018-07-13
효성중공업,298040,2018-07-13
효성티앤씨,298020,2018-07-13
효성화학,298000,2018-07-13
아이큐어,175250,2018-07-12
SV인베스트먼트,289080,2018-07-06
엘리비젼,276240,2018-07-05
지앤이헬스케어,299480,2018-06-29
이리츠코크렙,088260,2018-06-27
EDGC,245620,2018-06-26
HDC현대산업개발,294870,2018-06-12
카이노스메드,284620,2018-06-08
파워넷,037030,2018-06-07
현대사료,016790,2018-06-01
세종메디칼,258830,2018-05-29
제노레이,122310,2018-05-28
에스제이켐,217910,2018-04-27
JTC,950170,2018-04-06
네오셈,253590,2018-04-04
케어랩스,263700,2018-03-28
애경산업,018250,2018-03-22
린드먼아시아,277070,2018-03-14
오스테오닉,226400,2018-02-22
엔지켐생명과학,183490,2018-02-21
동구바이오제약,006620,2018-02-13
아시아종묘,154030,2018-02-12
알리코제약,260660,2018-02-12
셀트리온,068270,2018-02-09
카페24,042000,2018-02-08
링크제니시스,219420,2018-02-05
배럴,267790,2018-02-01
SG,255220,2018-01-26
씨앤지하이테크,264660,2018-01-25
쿠쿠홈시스,284740,2018-01-11
SK케미칼,285130,2018-01-05
시스웍,269620,2017-12-26
디바이스,187870,2017-12-20
씨알푸드,236030,2017-12-14
레이크머티리얼즈,281740,2017-12-12
BGF리테일,282330,2017-12-08
DYP,092780,2017-12-08
진에어,272450,2017-12-08
씨티케이,260930,2017-12-07
메카로,241770,2017-12-06
에스트래픽,234300,2017-12-05
케이씨텍,281820,2017-12-05
체리부로,066360,2017-12-04
대원,007680,2017-12-01
삼양패키징,272550,2017-11-29
스튜디오드래곤,253450,2017-11-24
코오롱티슈진,950160,2017-11-06
EMB,278990,2017-10-31
테이팩스,055490,2017-10-31
롯데웰푸드,280360,2017-10-30
탑선,180060,2017-10-27
영화테크,265560,2017-10-26
폴라리스세원,234100,2017-10-20
상신전자,263810,2017-10-16
야스,255440,2017-09-29
인산가,277410,2017-09-29
휴엠앤씨,263920,2017-09-28
신흥에스이씨,243840,2017-09-27
유티아이,179900,2017-09-27
선익시스템,171090,2017-09-20
엠플러스,259630,2017-09-20
앱클론,174900,2017-09-18
펄어비스,263750,2017-09-14
킵스파마,256940,2017-09-06
SK시그넷,260870,2017-08-30
덕우전자,263600,2017-08-28
앱트뉴로사이언스,270520,2017-08-22
케일럼,258610,2017-08-22
알에스오토메이션,140670,2017-08-11
컬러레이,900310,2017-08-10
와이즈버즈,273060,2017-08-07
모트렉스,118990,2017-08-04
데이타솔루션,263800,2017-08-03
지니언스,263860,2017-08-02
디앤씨미디어,263720,2017-08-01
루켄테크놀러지스,162120,2017-07-25
힘스,238490,2017-07-20
제일약품,271980,2017-07-17
브이원텍,251630,2017-07-13
아우딘퓨쳐스,227610,2017-07-12
이녹스첨단소재,272290,2017-07-10
카카오,035720,2017-07-10
오리온,271560,2017-07-07
하림지주,003380,2017-06-30
덴티스,261200,2017-06-26
메디안디노스틱,233250,2017-06-26
나인테크,267320,2017-06-22
에스알바이오텍,270210,2017-06-15
뿌리깊은나무들,266170,2017-06-09
보라티알,250000,2017-06-08
매일유업,267980,2017-06-05
LK삼양,225190,2017-06-02
이랜시스,264850,2017-06-01
필옵틱스,161580,2017-06-01
미원에스씨,268280,2017-05-22
경동도시가스,267290,2017-05-12
넷마블,251270,2017-05-12
HD현대,267250,2017-05-10
HD현대건설기계,267270,2017-05-10
HD현대일렉트릭,267260,2017-05-10
포인트엔지니어링,256630,2017-05-02
하나머티리얼즈,166090,2017-04-28
소프트캠프,258790,2017-04-27
와이엠티,251370,2017-04-27
파워풀엑스,266870,2017-04-24
크라운제과,264900,2017-04-11
AP시스템,265520,2017-04-07
유에스티,263770,2017-04-06
이엘피,063760,2017-04-06
유비쿼스,264450,2017-03-31
서진시스템,178320,2017-03-27
코미코,183300,2017-03-23
아스타,246720,2017-03-20
덴티움,145720,2017-03-15
에스디생명공학,217480,2017-03-02
신신제약,002800,2017-02-28
에프엔에스테크,083500,2017-02-27
모바일어플라이언스,087260,2017-02-24
피씨엘,241820,2017-02-23
호전실업,111110,2017-02-02
서플러스글로벌,140070,2017-01-25
유바이오로직스,206650,2017-01-24
도부,227420,2016-12-28
한국비엔씨,256840,2016-12-28
DSC인베스트먼트,241520,2016-12-19
TS인베스트먼트,246690,2016-12-15
피엠티,147760,2016-12-12
바이오프로테크,199290,2016-12-08
HLB펩,196300,2016-12-07
유니온바이오메트릭스,203450,2016-12-07
신라젠,215600,2016-12-06
자비스,254120,2016-12-02
핸즈코퍼레이션,143210,2016-12-02
티이엠씨씨엔에스,241790,2016-12-01
퓨쳐켐,220100,2016-12-01
뉴파워프라즈마,144960,2016-11-30
엘앤케이바이오,156100,2016-11-30
핸디소프트,220180,2016-11-24
두산밥캣,241560,2016-11-18
삼성바이오로직스,207940,2016-11-10
클리오,237880,2016-11-09
오가닉티코스메틱,900300,2016-11-04
얼라인드,238120,2016-11-03
세화피앤씨,252500,2016-11-02
아이티센코어,243870,2016-10-31
인크로스,216050,2016-10-31
에이치엘사이언스,239610,2016-10-28
코스메카코리아,241710,2016-10-28
JW생명과학,234080,2016-10-27
GRT,900290,2016-10-25
안지오랩,251280,2016-10-25
인텔리안테크,189300,2016-10-18
에이치시티,072990,2016-10-17
잉글우드랩,950140,2016-10-14
앤디포스,238090,2016-10-12
수산아이앤티,050960,2016-10-11
미투온,201490,2016-10-10
화승엔터프라이즈,241590,2016-10-04
예선테크,250930,2016-09-29
LS에코에너지,229640,2016-09-22
스타에스엠리츠,204210,2016-09-22
유니테크노,241690,2016-09-20
모비스,250060,2016-09-08
나무기술,242040,2016-09-07
자이글,234920,2016-09-06
일동제약,249420,2016-08-31
헝셩그룹,900270,2016-08-18
샘표식품,248170,2016-08-09
에코마케팅,230360,2016-08-08
블루탑,191600,2016-08-05
두올,016740,2016-07-29
엔지스테크널러지,208860,2016-07-28
우리손에프앤지,073560,2016-07-27
오건에코텍,212310,2016-07-26
아이윈플러스,123010,2016-07-20
제노텍,066830,2016-07-18
동서,026960,2016-07-15
장원테크,174880,2016-07-15
위니아,071460,2016-07-14
한국자산신탁,123890,2016-07-13
한국토지신탁,034830,2016-07-11
모아라이프플러스,142760,2016-07-07
피앤씨테크,237750,2016-07-04
로스웰,900260,2016-06-30
씨앤에스링크,245450,2016-06-24
해성디에스,195870,2016-06-24
에스티팜,237690,2016-06-23
지씨셀,144510,2016-06-23
알엔투테크놀로지,148250,2016-06-22
이비테크,208850,2016-06-22
이스트에이드,239340,2016-06-09
휴온스,243070,2016-06-03
나눔테크,244880,2016-06-01
KC산업,112190,2016-05-31
모나용평,070960,2016-05-27
해태제과식품,101530,2016-05-11
원익IPS,240810,2016-05-02
로보쓰리에이아이,238500,2016-04-20
레이언스,228850,2016-04-11
동양파일,228340,2016-04-06
삼일씨엔에스,004440,2016-03-30
팬젠,222110,2016-03-11
AP위성,211270,2016-03-04
비유테크놀러지,230980,2016-03-02
큐리언트,115180,2016-02-29
안트로젠,065660,2016-02-15
슈프리마,236200,2016-02-05
제이에스코퍼레이션,194370,2016-02-04
유니트론텍,142210,2016-02-02
크리스탈신소재,900250,2016-01-28
메디젠휴먼케어,236340,2016-01-26
볼빅,206950,2015-12-30
이엠티,232530,2015-12-30
더코디,224060,2015-12-29
에스와이,109610,2015-12-29
질경이,233990,2015-12-29
잇츠한불,226320,2015-12-28
크로넥스,215570,2015-12-28
딥마인드,223310,2015-12-24
와이씨,232140,2015-12-24
육일씨엔에쓰,191410,2015-12-24
휴젤,145020,2015-12-24
한국맥널티,222980,2015-12-23
덱스터,206560,2015-12-22
아진산업,013310,2015-12-22
HLB제약,047920,2015-12-21
강스템바이오텍,217730,2015-12-21
에이원알폼,234070,2015-12-21
메가엠디,133750,2015-12-18
보광산업,225530,2015-12-17
파크시스템스,140860,2015-12-17
에치에프알,230240,2015-12-16
예스티,122640,2015-12-16
코스맥스엔비티,222040,2015-12-16
멕아이씨에스,058110,2015-12-14
원익피앤이,217820,2015-12-07
세진중공업,075580,2015-11-30
하이즈항공,221840,2015-11-25
DXVX,180400,2015-11-20
케이디켐,221980,2015-11-19
네오오토,212560,2015-11-18
엔투텍,227950,2015-11-18
케어젠,214370,2015-11-17
아이진,185490,2015-11-16
나무가,190510,2015-11-12
시지메드텍,056090,2015-11-12
금호에이치티,214330,2015-11-11
제주항공,089590,2015-11-06
본느,226340,2015-11-05
파마리서치바이오,217950,2015-11-05
럭스피아,092590,2015-10-30
노브메타파마,229500,2015-10-28
엔케이맥스,182400,2015-10-23
현대코퍼레이션홀딩스,227840,2015-10-23
KH 건설,226360,2015-10-22
엑시콘,092870,2015-10-22
엄지하우스,224810,2015-10-21
메디쎄이,200580,2015-10-20
케이엠제약,225430,2015-10-08
한송네오텍,226440,2015-10-06
패션플랫폼,225590,2015-10-05
LIG넥스원,079550,2015-10-02
넥슨게임즈,225570,2015-09-25
제너셈,217190,2015-09-25
타이거일렉,219130,2015-09-25
HDC랩스,039570,2015-09-24
동일제강,002690,2015-09-24
휴먼테크놀로지,175140,2015-09-23
씨아이에스,222080,2015-09-02
에이텍모빌리티,224110,2015-08-25
웹스,196700,2015-08-24
AJ네트웍스,095570,2015-08-21
파인텍,131760,2015-08-17
세토피아,222810,2015-08-13
심텍,222800,2015-08-07
흥국에프엔비,189980,2015-08-07
쎄노텍,222420,2015-08-06
칩스앤미디어,094360,2015-08-05
아시아경제,127710,2015-07-31
엔에스컴퍼니,224760,2015-07-31
아이쓰리시스템,214430,2015-07-30
로지시스,067730,2015-07-29
플럼라인생명과학,222670,2015-07-28
켐트로스,220260,2015-07-27
파마리서치,214450,2015-07-24
디와이디,219550,2015-07-22
펩트론,087010,2015-07-22
이노션,214320,2015-07-17
토니모리,214420,2015-07-10
광동헬스바이오,086220,2015-07-09
로지스몬,223220,2015-07-09
미래에셋생명,085620,2015-07-08
RFHIC,218410,2015-06-30
동운아나텍,094170,2015-06-30
일월지엠엘,178780,2015-06-30
헥토이노베이션,214180,2015-06-30
경보제약,214390,2015-06-29
인바이츠바이오코아,216400,2015-06-29
코아스템켐온,166480,2015-06-26
SK디앤디,210980,2015-06-23
씨앗,103660,2015-06-22
베셀,177350,2015-06-19
넵튠,217270,2015-06-18
미래생명자원,218150,2015-06-18
싸이맥스,160980,2015-06-17
러셀,217500,2015-06-16
픽셀플러스,087600,2015-06-12
선샤인푸드,217620,2015-06-10
HLB제넥스,187420,2015-05-29
틸론,217880,2015-05-28
우정바이오,215380,2015-05-18
지에이이노더스,076340,2015-05-18
토박스코리아,215480,2015-05-13
이노인스트루먼트,215790,2015-05-08
우리산업,215360,2015-05-06
메가스터디교육,215200,2015-05-04
썬테크,217320,2015-04-29
솔디펜스,215090,2015-04-28
로보로보,215100,2015-04-22
디알텍,214680,2015-04-20
에이비프로바이오,195990,2015-04-13
골프존,215000,2015-04-03
클래시스,214150,2015-04-03
FSN,214270,2015-03-25
다이나믹디자인,145210,2015-03-19
포시에스,189690,2015-02-11
덕산네오룩스,213420,2015-02-06
한솔제지,213500,2015-01-26
디와이파워,210540,2015-01-15
국일신동,060480,2014-12-29
링크드,193250,2014-12-29
바디텍메드,206640,2014-12-29
스튜디오산타클로스,204630,2014-12-29
썸에이지,208640,2014-12-29
에이팩트,200470,2014-12-26
휴메딕스,200670,2014-12-26
서전기전,189860,2014-12-24
아스트,067390,2014-12-24
오킨스전자,080580,2014-12-24
지란지교시큐리티,208350,2014-12-24
포톤,208710,2014-12-24
NEW,160550,2014-12-23
아이티센글로벌,124500,2014-12-23
미래엔에듀파트너,208890,2014-12-18
삼성물산,028260,2014-12-18
녹십자엠에스,142280,2014-12-17
디티앤씨,187220,2014-12-17
셀바스헬스케어,208370,2014-12-17
정다운,208140,2014-12-17
하이로닉,149980,2014-12-17
랩지노믹스,084650,2014-12-16
에이디테크놀로지,200710,2014-12-16
비씨월드제약,200780,2014-12-15
미스터블루,207760,2014-12-12
알테오젠,196170,2014-12-12
베노티앤알,206400,2014-12-10
대창스틸,140520,2014-12-05
에프엔씨엔터,173940,2014-12-04
휴마시스,205470,2014-12-01
씨에스윈드,112610,2014-11-27
텔콘RF제약,200230,2014-11-24
지엘팜텍,204840,2014-11-20
글로벌텍스프리,204620,2014-11-19
디에이테크놀로지,196490,2014-11-19
삼성에스디에스,018260,2014-11-14
아이케이세미콘,149010,2014-11-14
넥써쓰,205500,2014-11-12
엑셈,205100,2014-11-07
테고사이언스,191420,2014-11-06
슈피겐코리아,192440,2014-11-05
영우디에스피,143540,2014-10-29
유니포인트,121060,2014-10-24
드림시큐리티,203650,2014-10-13
메디아나,041920,2014-10-07
HL만도,204320,2014-10-06
데브시스터즈,194480,2014-10-06
아크솔루션스,203690,2014-09-30
오늘이엔엠,192410,2014-08-14
강동씨앤엘,198440,2014-08-13
판도라티비,202960,2014-08-11
서연이화,200880,2014-08-08
신화콘텍,187270,2014-08-08
쿠쿠홀딩스,192400,2014-08-06
파버나인,177830,2014-08-04
덕신이피씨,090410,2014-08-01
창해에탄올,004650,2014-07-30
윈하이텍,192390,2014-07-25
아진엑스텍,059120,2014-07-24
콜마비앤에이치,200130,2014-07-23
화인베스틸,133820,2014-07-22
엣지파운드리,105550,2014-07-11
큐엠씨,136660,2014-07-01
데이터스트림즈,199150,2014-06-25
코아시아씨엠,196450,2014-06-02
캐스텍코리아,071850,2014-05-27
BGF,027410,2014-05-19
나노,187790,2014-05-08
케이사인,192250,2014-04-28
코스맥스,192820,2014-04-07
오이솔루션,138080,2014-02-27
한국정보인증,053300,2014-02-04
다산솔루에타,154040,2013-12-27
현대이지웰,090850,2013-12-27
위월드,140660,2013-12-26
코셋,189350,2013-12-24
SGA솔루션즈,184230,2013-12-20
대동고려삼,178600,2013-12-20
기가레인,049080,2013-12-19
인트로메딕,150840,2013-12-19
알티캐스트,085810,2013-12-06
종근당,185750,2013-12-06
현대공업,170030,2013-12-04
엔브이에이치코리아,067570,2013-12-03
탑코미디어,134580,2013-11-26
신송홀딩스,006880,2013-11-21
큐브엔터,182360,2013-11-21
라이온켐텍,171120,2013-11-19
램테크놀러지,171010,2013-11-18
협진,138360,2013-11-08
아세아시멘트,183190,2013-11-06
해성옵틱스,076610,2013-11-06
내츄럴엔도텍,168330,2013-10-31
현대로템,064350,2013-10-30
수프로,185190,2013-10-29
두산테스나,131970,2013-10-22
파수,150900,2013-10-18
엘티씨,170920,2013-10-08
지엔씨에너지,119850,2013-10-02
한진칼,180640,2013-09-16
아미코젠,092040,2013-09-12
엔에이치엔,181710,2013-08-29
GH신소재,130500,2013-08-02
파이오링크,170790,2013-08-01
KG에코솔루션,151860,2013-07-24
JB금융지주,175330,2013-07-18
KT나스미디어,089600,2013-07-17
대주이엔티,114920,2013-07-01
머니무브,179720,2013-07-01
큐러블,086460,2013-07-01
태양기계,116100,2013-07-01
엑세스바이오,950130,2013-05-30
DSR,155660,2013-05-15
리가켐바이오,141080,2013-05-10
동아에스티,170900,2013-04-08
윈팩,097800,2013-03-07
코렌텍,104540,2013-03-05
제로투세븐,159580,2013-02-19
한솔아이원스,114810,2013-02-07
우리이앤엘,153490,2013-02-05
아이센스,099190,2013-01-30
에코글로우,159910,2012-12-27
SBI핀테크솔루션즈,950110,2012-12-17
우리로,046970,2012-11-27
디젠스,113810,2012-11-22
지엠비코리아,013870,2012-11-20
와이엠씨,155650,2012-11-15
LG헬로비전,037560,2012-11-09
아바텍,149950,2012-11-06
동일고무벨트,163560,2012-10-19
한국콜마,161890,2012-10-19
한국타이어앤테크놀로지,161390,2012-10-04
코이즈,121850,2012-09-27
애경케미칼,161000,2012-09-17
퓨처코어,151910,2012-08-02
네이블,153460,2012-07-19
노블엠앤비,106520,2012-07-13
피엔티,137400,2012-07-06
사조씨푸드,014710,2012-06-29
비아트론,141000,2012-05-04
빛샘전자,072950,2012-03-21
한국ANKOR유전,152550,2012-03-08
휴비스,079980,2012-02-23
사람인,143240,2012-02-21
제룡산업,147830,2012-02-13
남화토건,091590,2012-01-31
케이탑리츠,145270,2012-01-31
메지온,140410,2012-01-20
원익머트리얼즈,104830,2011-12-28
제이에스링크,127120,2011-12-26
GS리테일,007070,2011-12-23
나이스디앤비,130580,2011-12-22
시큐브,131090,2011-12-21
서암기계공업,100660,2011-12-19
인터지스,129260,2011-12-16
씨유메디칼,115480,2011-12-15
삼양사,145990,2011-12-05
키네마스터,139670,2011-12-02
비덴트,121800,2011-12-01
신진에스엠,138070,2011-11-28
이엠넷,123570,2011-11-25
와이지엔터테인먼트,122870,2011-11-23
테크윙,089030,2011-11-10
씨큐브,101240,2011-11-08
에스엠코어,007820,2011-11-08
씨엔플러스,115530,2011-11-02
하나투어,039130,2011-11-01
로보스타,090360,2011-10-17
대한과학,131220,2011-10-11
아이디스,143160,2011-09-26
에이블씨엔씨,078520,2011-09-07
제이씨케미칼,137950,2011-08-08
아이씨디,040910,2011-08-05
제닉,123330,2011-08-03
BF랩스,139050,2011-07-29
삼원강재,023000,2011-07-22
상아프론테크,089980,2011-07-21
신세계인터내셔날,031430,2011-07-14
에이리츠,140910,2011-07-14
나이벡,138610,2011-07-13
옵티시스,109080,2011-07-12
대양전기공업,108380,2011-07-08
한국항공우주,047810,2011-06-30
롯데하이마트,071840,2011-06-29
서연탑메탈,019770,2011-06-24
한세엠케이,069640,2011-06-21
코오롱ENP,138490,2011-06-15
넥스트아이,137940,2011-06-14
티엔엔터테인먼트,131100,2011-06-14
이마트,139480,2011-06-10
iM금융지주,139130,2011-06-07
케이티스카이라이프,053210,2011-06-03
세아특수강,019440,2011-06-01
KX,122450,2011-05-25
골프존홀딩스,121440,2011-05-20
메리츠금융지주,138040,2011-05-13
윈스테크넷,136540,2011-05-02
하림,136480,2011-05-02
한국종합기술,023350,2011-04-28
이퓨쳐,134060,2011-04-27
티케이케미칼,104480,2011-04-26
BNK금융지주,138930,2011-03-30
롯데에너지머티리얼즈,020150,2011-03-04
부스타,008470,2011-02-23
현대위아,011210,2011-02-21
선진,136490,2011-02-16
미원화학,134380,2011-02-15
나노신소재,121600,2011-02-09
케이아이엔엑스,093320,2011-02-08
티피씨글로벌,130740,2011-02-08
LB세미콘,061970,2011-01-31
딜리,131180,2011-01-31
제이엔케이글로벌,126880,2011-01-31
블루콤,033560,2011-01-26
인트론바이오,048530,2011-01-26
시디즈,134790,2011-01-25
알서포트,131370,2011-01-05
인텍플러스,064290,2011-01-05
티에스이,131290,2011-01-05
한화엔진,082740,2011-01-04
이브이첨단소재,131400,2010-12-27
대성에너지,117580,2010-12-24
현대퓨처넷,126560,2010-12-23
대정화금,120240,2010-12-20
KTis,058860,2010-12-17
한전산업,130660,2010-12-16
피제이메탈,128660,2010-12-13
옵투스제약,131030,2010-12-03
에이루트,096690,2010-12-01
엘브이엠씨,900140,2010-11-30
티비씨,033830,2010-11-29
시그네틱스,033170,2010-11-26
한국전자인증,041460,2010-11-19
BGF에코머티리얼즈,126600,2010-11-12
디케이락,105740,2010-11-12
위메이드플레이,123420,2010-11-10
KH 미래물산,111870,2010-11-05
아나패스,123860,2010-11-05
KNN,058400,2010-11-03
누리플랜,069140,2010-10-26
아이텍,119830,2010-10-26
인화정공,101930,2010-10-22
셀피글로벌,068940,2010-10-19
뉴온,123840,2010-10-05
미스토홀딩스,081660,2010-09-28
알파칩스,117670,2010-09-17
포메탈,119500,2010-09-17
KTcs,058850,2010-09-16
다원시스,068240,2010-09-14
현대홈쇼핑,057050,2010-09-13
씨젠,096530,2010-09-10
와이솔,122990,2010-09-10
하이비젼시스템,126700,2010-09-10
화신정공,126640,2010-08-31
코리아에프티,123410,2010-08-27
도화엔지니어링,002150,2010-08-12
엠에스오토텍,123040,2010-08-06
이글루,067920,2010-08-04
대성산업,128820,2010-07-30
아이마켓코리아,122900,2010-07-30
한미약품,128940,2010-07-30
인터로조,119610,2010-07-28
하이텍팜,106190,2010-07-28
우진,105840,2010-07-26
무학,033920,2010-07-20
에스디시스템,121890,2010-07-16
알톤,123750,2010-07-02
유비벨록스,089850,2010-06-18
오르비텍,046120,2010-06-15
이연제약,102460,2010-06-10
엑스큐어,070300,2010-06-09
투비소프트,079970,2010-06-01
한국화장품,123690,2010-06-01
에스제이엠,123700,2010-05-31
인피니트헬스케어,071200,2010-05-26
서진오토모티브,122690,2010-05-25
인지소프트,100030,2010-05-25
HL홀딩스,060980,2010-05-19
삼성생명,032830,2010-05-12
신세계푸드,031440,2010-04-29
이스트아시아홀딩스,900110,2010-04-23
애머릿지,900100,2010-04-21
케이씨에스,115500,2010-04-14
씨엑스아이,900120,2010-03-31
HLB테라퓨틱스,115450,2010-03-26
삼기,122350,2010-03-19
한화생명,088350,2010-03-17
이미지스,115610,2010-02-26
조선선재,120030,2010-02-19
인포바인,115310,2010-02-09
케이이엠텍,106080,2010-02-09
모베이스,101330,2010-02-04
코오롱인더,120110,2010-02-01
KC코트렐,119650,2010-01-29
지역난방공사,071320,2010-01-29
스타플렉스,115570,2010-01-27
우리넷,115440,2010-01-27
아세아텍,050860,2010-01-26
영흥,012160,2010-01-25
폴라리스우노,114630,2010-01-15
코디,080530,2010-01-05
메타케어,118000,2009-12-30
글로벌에스엠,900070,2009-12-23
DGI,099520,2009-12-22
그린생명과학,114450,2009-12-22
디와이피엔에프,104460,2009-12-22
위메이드,112040,2009-12-18
한전기술,052690,2009-12-14
셀바스AI,108860,2009-12-10
이원컴포텍,088290,2009-12-01
강원에너지,114190,2009-11-20
GKL,114090,2009-11-19
휴맥스,115160,2009-11-16
AP헬스케어,109960,2009-11-13
SK,034730,2009-11-11
동방선기,099410,2009-11-10
KS인더스트리,101000,2009-11-06
진매트릭스,109820,2009-11-06
황금에스티,032560,2009-10-29
비츠로셀,082920,2009-10-28
하이트진로,000080,2009-10-19
한스바이오메드,042520,2009-10-09
동양생명,082640,2009-10-08
NHN벅스,104200,2009-10-06
아이앤씨,052860,2009-10-06
유니온머티리얼,047400,2009-09-29
케이엔더블유,105330,2009-09-29
형지엘리트,093240,2009-09-28
디에스케이,109740,2009-09-23
제넥신,095700,2009-09-15
톱텍,108230,2009-09-15
동국S&C,100130,2009-08-31
에스앤더블류,103230,2009-08-05
키움증권,039490,2009-08-03
영원무역,111770,2009-07-30
컴투스홀딩스,063080,2009-07-30
동일금속,109860,2009-07-28
한미글로벌,053690,2009-06-23
동아지질,028100,2009-06-12
어보브반도체,102120,2009-06-05
위메이드맥스,101730,2009-06-03
이엔에프테크놀로지,102710,2009-05-28
스맥,099440,2009-05-26
SDN,099220,2009-05-19
한국정밀기계,101680,2009-05-19
HD현대마린엔진,071970,2009-05-15
흥국,010240,2009-05-12
우림피티에스,101170,2009-04-28
티플랙스,081150,2009-04-23
LX하우시스,108670,2009-04-20
에스티오,098660,2009-04-17
에이테크솔루션,071670,2009-04-17
에스앤에스텍,101490,2009-04-14
뷰웍스,100120,2009-04-10
코오롱생명과학,102940,2009-04-07
엔시트론,101400,2009-03-31
한세실업,105630,2009-03-20
주성코퍼레이션,109070,2009-03-17
파인테크닉스,106240,2009-03-16
미원홀딩스,107590,2009-03-02
이수앱지스,086890,2009-02-03
대성파인텍,104040,2009-01-23
유비쿼스홀딩스,078070,2009-01-23
메디톡스,086900,2009-01-16
엠게임,058630,2008-12-19
아이컴포넌트,059100,2008-12-16
NAVER,035420,2008-11-28
HLB생명과학,067630,2008-11-25
이크레더블,092130,2008-10-24
부국철강,026940,2008-10-14
KB금융,105560,2008-10-10
세운메디칼,100700,2008-09-30
한국철강,104700,2008-09-29
마이크로컨텍솔,098120,2008-09-23
이엠앤아이,083470,2008-09-18
일진전기,103590,2008-08-01
풍산,103140,2008-07-30
LG이노텍,011070,2008-07-24
아이엠,101390,2008-07-23
웰크론한텍,076080,2008-07-18
하이드로리튬,101670,2008-07-15
슈프리마에이치큐,094840,2008-07-11
명문제약,017180,2008-07-10
서울옥션,063170,2008-07-01
이스트소프트,047560,2008-07-01
비상교육,100220,2008-06-30
크레버스,096240,2008-06-27
동성케미컬,102260,2008-06-23
월덱스,101160,2008-06-19
쎄트렉아이,099320,2008-06-13
쌍방울,102280,2008-06-10
브리지텍,064480,2008-06-04
고영,098460,2008-06-03
조이시티,067000,2008-05-30
우진비앤지,018620,2008-05-20
테스,095610,2008-05-20
예스24,053280,2008-05-07
엘디티,096870,2008-05-02
LG유플러스,032640,2008-04-21
메타바이오메드,059210,2008-04-15
효성오앤비,097870,2008-04-08
인바이오젠,101140,2008-04-02
아시아나항공,020560,2008-03-28
SNT에너지,100840,2008-02-22
진양홀딩스,100250,2008-02-15
한울소재과학,091440,2008-02-01
이트론,096040,2008-01-25
엔케이,085310,2008-01-24
에코볼트,097780,2008-01-23
에스코넥,096630,2007-12-26
일신바이오,068330,2007-12-26
서원인텍,093920,2007-12-20
이씨에스,067010,2007-12-18
대창솔루션,096350,2007-12-17
한전KPS,051600,2007-12-14
엑시온그룹,069920,2007-12-05
알에프세미,096610,2007-11-20
디엔에프,092070,2007-11-16
일진파워,094820,2007-11-06
비엠티,086670,2007-11-02
이아이디,093230,2007-11-01
기신정기,092440,2007-10-30
이엠코리아,095190,2007-10-29
KSS해운,044450,2007-10-26
효성 ITX,094280,2007-10-25
현우산업,092300,2007-10-24
유나이티드,033270,2007-10-23
케이알엠,093640,2007-10-19
디아이씨,092200,2007-10-18
에스에너지,095910,2007-10-16
성우전자,081580,2007-10-12
엘엠에스,073110,2007-10-12
제이엠티,094970,2007-10-12
오디텍,080520,2007-10-08
ISC,095340,2007-10-01
네오티스,085910,2007-10-01
미래나노텍,095500,2007-10-01
상보,027580,2007-10-01
CJ제일제당,097950,2007-09-28
바이오톡스텍,086040,2007-09-21
팬오션,028670,2007-09-21
옴니시스템,057540,2007-09-19
푸른기술,094940,2007-09-14
웨이브일렉트로,095270,2007-09-12
HJ중공업,097230,2007-08-31
빅솔론,093190,2007-08-20
JW홀딩스,096760,2007-07-31
S&K폴리텍,091340,2007-07-30
SK이노베이션,096770,2007-07-25
율호,072770,2007-07-25
갤럭시아머니트리,094480,2007-07-20
에코프로,086520,2007-07-20
대산F&B,065150,2007-07-18
컴투스,078340,2007-07-06
네오위즈,095660,2007-07-02
삼성카드,029780,2007-06-27
앤씨앤,092600,2007-06-26
엔텔스,069410,2007-06-20
알루코,001780,2007-06-07
풍강,093380,2007-06-01
웅진씽크빅,095720,2007-05-31
동국제약,086450,2007-05-29
케이프,064820,2007-05-29
상신이디피,091580,2007-05-23
한라IMS,092460,2007-05-22
에프알텍,073540,2007-05-18
이엠텍,091120,2007-05-02
참좋은여행,094850,2007-04-30
네오리진,094860,2007-04-16
맵스리얼티1,094800,2007-04-09
LS증권,078020,2007-02-21
매커스,093520,2007-02-12
나노캠텍,091970,2007-01-30
네오팜,092730,2007-01-30
오스코텍,039200,2007-01-17
켐트로닉스,089010,2007-01-17
제이스텍,090470,2007-01-10
동아엘텍,088130,2007-01-03
메타랩스,090370,2006-12-26
후성,093370,2006-12-22
휴온스글로벌,084110,2006-12-19
케이씨티,089150,2006-12-13
파트론,091700,2006-12-13
유니테스트,086390,2006-12-05
휴림로봇,090710,2006-12-05
LF,093050,2006-12-01
에스에이티,060540,2006-11-28
큐에스아이,066310,2006-11-24
멀티캠퍼스,067280,2006-11-16
주연테크,044380,2006-11-15
코스맥스비티아이,044820,2006-11-13
코세스,089890,2006-11-08
인천도시가스,034590,2006-11-07
성창오토텍,080470,2006-11-03
넥스턴바이오,089140,2006-11-01
제이티,089790,2006-10-27
아이윈,090150,2006-10-20
이녹스,088390,2006-10-20
삼정펄프,009770,2006-10-17
KEC,092220,2006-10-16
KPX홀딩스,092230,2006-10-12
THE E&M,089230,2006-10-10
바텍,043150,2006-09-29
MDS테크,086960,2006-09-26
HDC현대EP,089470,2006-09-25
루멘스,038060,2006-08-08
세원이앤씨,091090,2006-07-31
CSA 코스믹,083660,2006-07-25
NICE인프라,063570,2006-07-14
쇼박스,086980,2006-07-07
팬엔터테인먼트,068050,2006-07-07
인포뱅크,039290,2006-07-04
노루페인트,090350,2006-07-03
아모레퍼시픽,090430,2006-06-29
엔에스이엔엠,078860,2006-06-27
동우팜투테이블,088910,2006-06-23
롯데관광개발,032350,2006-06-08
제이브이엠,054950,2006-06-07
평화산업,090080,2006-06-02
우진플라임,049800,2006-05-24
팅크웨어,084730,2006-05-19
신세계I&C,035510,2006-05-18
진바이오텍,086060,2006-04-28
TKG애강,022220,2006-04-11
진도,088790,2006-03-28
에이스테크,088800,2006-03-27
맥쿼리인프라,088980,2006-03-15
롯데쇼핑,023530,2006-02-09
셀트리온제약,068760,2006-02-03
GST,083450,2006-02-01
에너토크,019990,2006-02-01
제우스,079370,2006-02-01
뉴프렉스,085670,2006-01-17
유진테크,084370,2006-01-17
CG인바이츠,083790,2006-01-06
바이오니아,064550,2005-12-29
헬릭스미스,084990,2005-12-29
인콘,083640,2005-12-27
차바이오텍,085660,2005-12-27
현대글로비스,086280,2005-12-26
대봉엘에스,078140,2005-12-23
와이엔텍,067900,2005-12-23
케이엠,083550,2005-12-20
티비에이치글로벌,084870,2005-12-19
수성웹툰,084180,2005-12-16
하나금융지주,086790,2005-12-12
제일연마,001560,2005-12-09
모다이노칩,080420,2005-12-06
비에이치아이,083650,2005-12-02
케스피온,079190,2005-11-29
현대리바트,079430,2005-11-22
비보존 제약,082800,2005-11-18
자연과환경,043910,2005-11-18
와토스코리아,079000,2005-11-15
대한제강,084010,2005-10-31
폴라리스오피스,041020,2005-10-28
휴림에이텍,078590,2005-10-27
서린바이오,038070,2005-10-25
새론오토모티브,075180,2005-10-21
그린케미칼,083420,2005-10-20
가비아,079940,2005-10-19
덕산하이메탈,077360,2005-10-14
아바코,083930,2005-10-11
하나마이크론,067310,2005-10-11
엘오티베큠,083310,2005-10-05
코스나인,082660,2005-10-05
이상네트웍스,080010,2005-09-30
대상홀딩스,084690,2005-08-17
코아스,071950,2005-08-04
메디포스트,078160,2005-07-29
우리바이오,082850,2005-07-29
모두투어,080160,2005-07-26
이월드,084680,2005-07-26
동양고속,084670,2005-07-25
한미반도체,042700,2005-07-22
가온그룹,078890,2005-07-12
쏠리드,050890,2005-07-08
동일산업,004890,2005-06-30
옵트론텍,082210,2005-06-24
젬백스,082270,2005-06-24
플랜티넷,075130,2005-06-10
삼호개발,010960,2005-05-12
금호타이어,073240,2005-02-17
이노와이어리스,073490,2005-02-04
인베니아,079950,2005-02-04
동양이엔피,079960,2005-02-01
제주반도체,080220,2005-02-01
한창산업,079170,2005-02-01
디이엔티,079810,2005-01-26
iMBC,052220,2005-01-21
서산,079650,2005-01-21
KX하이텍,052900,2005-01-18
손오공,066910,2005-01-07
미래컴퍼니,049950,2005-01-04
아이크래프트,052460,2005-01-03
CJ CGV,079160,2004-12-24
일진다이아,081000,2004-12-22
메가스터디,072870,2004-12-21
케이에스피,073010,2004-12-17
KG모빌리언스,046440,2004-12-14
대주전자재료,078600,2004-12-10
텔레칩스,054450,2004-12-10
HB테크놀러지,078150,2004-12-08
도이치모터스,067990,2004-12-03
유니드,014830,2004-12-03
토비스,051360,2004-11-19
제넨바이오,072520,2004-10-29
상신브레이크,041650,2004-10-27
국일제지,078130,2004-10-22
DMS,068790,2004-10-01
인팩,023810,2004-09-21
시너지이노베이션,048870,2004-08-13
신성델타테크,065350,2004-08-06
GS,078930,2004-08-05
유니퀘스트,077500,2004-08-05
다스코,058730,2004-08-02
한국경제TV,039340,2004-07-30
LG디스플레이,034220,2004-07-23
다날,064260,2004-07-23
텔코웨어,078000,2004-07-20
형지I&C,011080,2004-07-02
비케이홀딩스,050090,2004-06-29
코엔텍,029960,2004-06-18
YBM넷,057030,2004-06-08
CS,065770,2004-06-04
아미노로직스,074430,2004-06-04
테라젠이텍스,066700,2004-05-27
디에이피,066900,2004-05-14
한양디지텍,078350,2004-05-14
STX엔진,077970,2004-05-10
동국알앤에스,075970,2004-02-13
빛과전자,069540,2004-02-13
듀오백,073190,2004-02-06
삼진엘앤디,054090,2004-02-06
폴라리스AI파마,041910,2004-02-06
NICE,034310,2004-02-04
대교,019680,2004-02-03
세진티에스,067770,2004-01-09
한솔인티큐브,070590,2004-01-08
리튬포어스,073570,2004-01-06
테라사이언스,073640,2004-01-06
우주일렉트로,065680,2004-01-02
푸른소나무,057880,2003-12-29
기업은행,024110,2003-12-24
이엔플러스,074610,2003-12-23
SOOP,067160,2003-12-19
드림어스컴퍼니,060570,2003-12-19
버킷스튜디오,066410,2003-12-19
원익QnC,074600,2003-12-12
로체시스템즈,071280,2003-11-14
에스텍,069510,2003-11-14
오텍,067170,2003-11-14
키이스트,054780,2003-11-14
현대에버다임,041440,2003-11-14
한솔홈데코,025750,2003-11-04
중앙백신,072020,2003-10-31
휴비츠,065510,2003-10-31
우리산업홀딩스,072470,2003-10-28
디지털대성,068930,2003-10-17
이수페타시스,007660,2003-10-07
강원랜드,035250,2003-09-04
유아이디,069330,2003-08-18
티씨케이,064760,2003-08-18
YG PLUS,037270,2003-08-01
아모텍,052710,2003-08-01
농심홀딩스,072710,2003-07-30
웰크론,065950,2003-07-29
파워로직스,047310,2003-07-25
한국금융지주,071050,2003-07-21
이엘씨,041520,2003-07-04
유엔젤,072130,2003-07-01
SBS,034120,2003-06-25
홈캐스트,064240,2003-06-11
씨씨에스,066790,2003-05-30
웹젠,069080,2003-05-23
엔씨소프트,036570,2003-05-22
하이스틸,071090,2003-02-17
대화제약,067080,2003-02-14
우수AMS,066590,2003-02-12
JW신약,067290,2003-02-11
하츠,066130,2003-02-11
빅텍,065450,2003-02-05
탑엔지니어링,065130,2003-01-29
DSR제강,069730,2003-01-28
이루온,065440,2003-01-28
태경케미컬,006890,2003-01-28
재영솔루텍,049630,2003-01-24
한국큐빅,021650,2003-01-24
인터플렉스,051370,2003-01-22
삼영이엔씨,065570,2003-01-21
하이퍼코퍼레이션,065650,2003-01-21
한성크린텍,066980,2003-01-17
리더스코스메틱,016100,2003-01-15
한농화성,011500,2003-01-09
케이피엠테크,042040,2003-01-07
디티씨,066670,2002-12-30
와이오엠,066430,2002-12-24
초록뱀미디어,047820,2002-12-24
인크레더블버즈,064090,2002-12-17
쎌바이오텍,049960,2002-12-13
NE능률,053290,2002-12-10
테크엘,064520,2002-12-04
현대백화점,069960,2002-11-25
KG이니시스,035600,2002-11-22
비엘팜텍,065170,2002-11-19
대호에이엘,069460,2002-11-11
대웅제약,069620,2002-11-01
플래스크,041590,2002-11-01
마니커,027740,2002-10-29
SNT홀딩스,036530,2002-10-22
티케이지휴켐스,069260,2002-10-07
새로닉스,042600,2002-10-01
SJG세종,033530,2002-09-25
오리엔트정공,065500,2002-09-19
DGP,060900,2002-09-17
국보디자인,066620,2002-09-05
아이톡시,052770,2002-08-22
에스아이리소스,065420,2002-08-22
포니링크,064800,2002-08-22
포스코스틸리온,058430,2002-08-16
폴라리스AI,039980,2002-08-13
현대바이오,048410,2002-08-08
삼성출판사,068290,2002-08-05
세이브존I&C,067830,2002-07-25
에스피지,058610,2002-07-23
토탈소프트,045340,2002-07-19
교보증권,030610,2002-07-18
서호전기,065710,2002-07-16
파커스,065690,2002-07-16
한샘,009240,2002-07-16
서울리거,043710,2002-07-11
홈센타홀딩스,060560,2002-07-11
아비코전자,036010,2002-07-03
큐렉소,060280,2002-07-03
소니드,060230,2002-06-25
우원개발,046940,2002-06-18
티사이언티픽,057680,2002-06-18
인선이엔티,060150,2002-06-14
와이어블,065530,2002-06-04
SM Life Design,063440,2002-05-30
우신시스템,017370,2002-05-28
지어소프트,051160,2002-05-28
지엔코,065060,2002-05-28
셀루메드,049180,2002-05-23
KH바텍,060720,2002-05-21
알에프텍,061040,2002-05-16
에스폴리텍,050760,2002-05-16
이랜텍,054210,2002-05-09
ES큐브,050120,2002-04-25
케이피티유,054410,2002-04-25
3S,060310,2002-04-23
LG전자,066570,2002-04-22
화일약품,061250,2002-04-18
오상자이엘,053980,2002-04-09
콜마홀딩스,024720,2002-04-09
농우바이오,054050,2002-04-02
케이엘넷,039420,2002-03-12
SNT모티브,064960,2002-03-11
에스티아이,039440,2002-02-28
잉크테크,049550,2002-02-28
대한뉴팜,054670,2002-02-26
씨티씨바이오,060590,2002-02-21
인탑스,049070,2002-02-21
LS마린솔루션,060370,2002-02-15
피씨디렉트,051380,2002-02-15
광주신세계,037710,2002-02-07
구영테크,053270,2002-02-07
한국기업평가,034950,2002-02-07
뉴보텍,060260,2002-02-05
동양에스텍,060380,2002-02-05
백금T&A,046310,2002-02-05
고려신용정보,049720,2002-01-31
제일바이오,052670,2002-01-24
서울반도체,046890,2002-01-17
아가방컴퍼니,013990,2002-01-17
한주에이알티,058450,2002-01-17
미코,059090,2002-01-15
유신,054930,2002-01-15
프럼파스트,035200,2002-01-15
한국컴퓨터,054040,2002-01-15
대동스틸,048470,2002-01-10
링네트,042500,2002-01-10
크레오에스지,040350,2002-01-10
팬스타엔터프라이즈,054300,2002-01-10
한빛소프트,047080,2002-01-10
일진디스플,020760,2002-01-09
NHN KCP,060250,2002-01-08
CNT85,056730,2002-01-04
금강철강,053260,2002-01-04
스타코링크,060240,2002-01-04
KH 필룩스,033180,2001-12-26
동아화성,041930,2001-12-26
비츠로시스,054220,2001-12-26
오리엔탈정공,014940,2001-12-26
웰킵스하이텍,043590,2001-12-20
리노공업,058470,2001-12-18
성우테크론,045300,2001-12-18
에스에프에이,056190,2001-12-18
신화인터텍,056700,2001-12-13
엑사이엔씨,054940,2001-12-13
피에이치에이,043370,2001-12-13
종근당바이오,063160,2001-12-11
APS,054620,2001-12-04
코위버,056360,2001-12-04
성호전자,043260,2001-11-29
YW,051390,2001-11-15
삼영엠텍,054540,2001-11-15
이니텍,053350,2001-11-15
에이디칩스,054630,2001-11-13
유진로봇,056080,2001-11-13
태웅,044490,2001-11-08
경남제약,053950,2001-11-06
삼보모터스,053700,2001-11-06
한컴위드,054920,2001-11-01
코미팜,041960,2001-10-30
프리엠스,053160,2001-10-30
코나아이,052400,2001-10-18
메디콕스,054180,2001-10-16
SGA,049470,2001-10-11
더테크놀로지,043090,2001-10-11
지에스이,053050,2001-10-11
아이디스홀딩스,054800,2001-09-27
코데즈컴바인,047770,2001-09-18
안랩,053800,2001-09-13
신한지주,055550,2001-09-10
YTN,040300,2001-09-04
CMG제약,058820,2001-08-31
JYP Ent.,035900,2001-08-30
KCC건설,021320,2001-08-21
세동,053060,2001-08-17
프로텍,053610,2001-08-17
액토즈소프트,052790,2001-08-14
세코닉스,053450,2001-08-09
바이넥스,053030,2001-08-07
오성첨단소재,052420,2001-08-07
코웨이,021240,2001-08-07
태양,053620,2001-08-07
오션인더블유,052300,2001-08-02
유아이엘,049520,2001-08-02
대원미디어,048910,2001-07-31
중앙첨단소재,051980,2001-07-31
세아홀딩스,058650,2001-07-30
CJ프레시웨이,051500,2001-07-26
파인디앤씨,049120,2001-07-26
디지아이,043360,2001-07-20
코텍,052330,2001-07-10
한네트,052600,2001-07-10
에스티큐브,052020,2001-07-05
티에스넥스젠,043220,2001-07-03
큐로홀딩스,051780,2001-06-26
피노,033790,2001-06-26
나라엠앤디,051490,2001-06-12
에코바이오,038870,2001-05-29
에이텍,045660,2001-05-24
대아티아이,045390,2001-05-17
캠시스,050110,2001-05-17
현대바이오랜드,052260,2001-05-17
SFA반도체,036540,2001-05-02
LG생활건강,051900,2001-04-25
LG화학,051910,2001-04-25
대우건설,047040,2001-03-23
포스코인터내셔널,047050,2001-03-23
HD현대인프라코어,042670,2001-02-02
한화오션,042660,2001-02-02
삼표시멘트,038500,2001-02-01
진양화학,051630,2001-01-29
HLB이노베이션,024850,2001-01-18
SM C&C,048550,2001-01-18
승일,049830,2001-01-18
조광ILI,044060,2001-01-18
TPC,048770,2001-01-16
코메론,049430,2001-01-16
빌리언스,044480,2001-01-11
삼화네트웍스,046390,2001-01-11
성광벤드,014620,2001-01-11
유라테크,048430,2001-01-11
삼현철강,017480,2001-01-09
오픈베이스,049480,2001-01-09
라온시큐어,042510,2001-01-03
삼양케이씨아이,036670,2001-01-03
오로라,039830,2001-01-03
금화피에스시,036190,2000-12-26
코다코,046070,2000-12-26
인바디,041830,2000-12-14
고려제약,014570,2000-12-07
크린앤사이언스,045520,2000-12-05
동원F&B,049770,2000-11-23
KD,044180,2000-11-16
이글벳,044960,2000-11-16
아즈텍WB,032080,2000-10-26
두산에너빌리티,034020,2000-10-25
오리콤,010470,2000-10-24
위닉스,044340,2000-10-24
상지건설,042940,2000-10-19
한국내화,010040,2000-10-16
엔피케이,048830,2000-10-12
삼천당제약,000250,2000-10-04
에이치케이,044780,2000-09-07
정원엔시스,045510,2000-09-07
한양이엔지,045100,2000-08-31
누리플렉스,040160,2000-08-29
에쎈테크,043340,2000-08-29
국순당,043650,2000-08-24
엘컴텍,037950,2000-08-24
이오테크닉스,039030,2000-08-24
상상인,038540,2000-08-18
서울제약,018680,2000-08-18
HLB파나진,046210,2000-08-16
나노엔텍,039860,2000-08-16
오공,045060,2000-08-10
알파녹스,043100,2000-08-08
비츠로테크,042370,2000-08-03
코아시아,045970,2000-08-03
정상제이엘에스,040420,2000-08-01
진양제약,007370,2000-07-27
KT지니뮤직,043610,2000-07-20
진성티이씨,036890,2000-07-20
현대에이치티,039010,2000-07-20
삼아제약,009300,2000-07-19
파루,043200,2000-07-19
에스씨디,042110,2000-07-13
한국정보공학,039740,2000-07-06
디오,039840,2000-06-29
네오위즈홀딩스,042420,2000-06-27
다산네트웍스,039560,2000-06-22
바이오스마트,038460,2000-06-22
우리기술,032820,2000-06-22
안국약품,001540,2000-06-15
세중,039310,2000-06-09
우리기술투자,041190,2000-06-09
케이바이오,038530,2000-06-09
HRS,036640,2000-05-30
에스에이엠티,031330,2000-05-23
위즈코프,038620,2000-05-04
이건홀딩스,039020,2000-05-04
파인디지털,038950,2000-05-04
나이스정보통신,036800,2000-05-03
SG&G,040610,2000-04-27
아이에이,038880,2000-04-27
에스넷,038680,2000-04-27
에스엠,041510,2000-04-27
아이티센엔텍,010280,2000-04-14
쎄니트,037760,2000-04-07
대성미생물,036480,2000-04-04
에코플라스틱,038110,2000-03-23
케이엠더블유,032500,2000-03-21
화성밸브,039610,2000-03-16
경남스틸,039240,2000-03-07
마크로젠,038290,2000-02-22
희림,037440,2000-02-03
레드캡투어,038390,2000-02-01
솔브레인홀딩스,036830,2000-01-18
에프에스티,036810,2000-01-18
코맥스,036690,2000-01-18
EG,037370,2000-01-11
감성코퍼레이션,036620,2000-01-11
성도이엔지,037350,2000-01-11
제일테크노스,038010,2000-01-11
한세예스24홀딩스,016450,2000-01-06
무림SP,001810,2000-01-04
세종텔레콤,036630,2000-01-04
심텍홀딩스,036710,2000-01-04
파세코,037070,2000-01-04
KZ정밀,036560,1999-12-28
SGC E&C,016250,1999-12-28
서희건설,035890,1999-12-24
주성엔지니어링,036930,1999-12-24
케이티알파,036030,1999-12-24
대성홀딩스,016710,1999-12-22
다우데이타,032190,1999-12-21
동진쎄미켐,005290,1999-12-21
선광,003100,1999-12-21
에이치엠넥스,036170,1999-12-21
제이에스티나,026040,1999-12-21
지더블유바이텍,036180,1999-12-21
한국팩키지,037230,1999-12-21
삼지전자,037460,1999-12-16
우리엔터프라이즈,037400,1999-12-16
대원제약,003220,1999-12-15
한국가스공사,036460,1999-12-15
네패스,033640,1999-12-14
인지디스플레,037330,1999-12-14
위지트,036090,1999-12-10
유니셈,036200,1999-12-10
유성티엔에스,024800,1999-12-10
코리아나,027050,1999-12-10
골드앤에스,035290,1999-12-07
서울평가정보,036120,1999-12-07
서울전자통신,027040,1999-12-03
대성창투,027830,1999-11-30
예림당,036000,1999-11-30
미래아이앤지,007120,1999-11-26
CJ ENM,035760,1999-11-23
이지홀딩스,035810,1999-11-23
기산텔레콤,035460,1999-11-18
화천기공,000850,1999-11-18
팜스코,036580,1999-10-25
케이티앤지,033780,1999-10-08
HD한국조선해양,009540,1999-08-24
디씨엠,024090,1999-08-18
바른손이앤에이,035620,1999-08-13
솔본,035610,1999-08-13
시공테크,020710,1999-08-13
신일제약,012790,1999-08-13
조아제약,034940,1999-08-13
AK홀딩스,006840,1999-08-11
HS애드,035000,1999-08-11
대한유화,006650,1999-08-11
백산,035150,1999-08-11
체시스,033250,1999-08-11
인성정보,033230,1999-07-30
그래디언트,035080,1999-07-05
동국산업,005160,1999-06-25
매일홀딩스,005990,1999-05-14
해성산업,034810,1999-04-16
자화전자,033240,1999-01-06
케이티,030200,1998-12-23
엑시큐어하이트론,019490,1998-11-04
제일기획,030000,1998-03-03
한국정보통신,025770,1998-01-20
파라텍,033540,1997-12-26
동성화인텍,033500,1997-12-19
스틱인베스트먼트,026890,1997-11-25
케이씨,029460,1997-11-25
드래곤플라이,030350,1997-11-10
엠케이전자,033160,1997-11-10
엠투엔,033310,1997-11-10
제이씨현시스템,033320,1997-11-10
포스코엠텍,009520,1997-11-10
스페코,013810,1997-11-03
좋은사람들,033340,1997-11-03
대원화성,024890,1997-10-28
모아텍,033200,1997-10-13
코웰패션,033290,1997-10-13
코콤,015710,1997-09-30
E1,017940,1997-08-27
SK가스,018670,1997-08-27
다우기술,023590,1997-08-27
영보화학,014440,1997-08-27
제룡전기,033100,1997-08-18
제이엠아이,033050,1997-08-18
디지틀조선,033130,1997-08-06
바이온,032980,1997-08-06
와이지-원,019210,1997-08-06
특수건설,026150,1997-08-06
아이즈비전,031310,1997-07-25
SKC,011790,1997-07-18
동일기연,032960,1997-07-18
소프트센,032680,1997-07-18
원익,032940,1997-07-18
원풍물산,008290,1997-07-18
웰바이오텍,010600,1997-07-18
한국주강,025890,1997-07-18
삼진,032750,1997-07-14
더라미,032860,1997-07-04
비트컴퓨터,032850,1997-07-04
엠젠솔루션,032790,1997-06-26
판타지오,032800,1997-06-26
디와이덕양,024900,1997-06-23
에쓰씨엔지니어링,023960,1997-06-23
인지컨트롤스,023800,1997-06-23
유비케어,032620,1997-05-02
피델릭스,032580,1997-04-22
TJ미디어,032540,1997-04-16
휴맥스홀딩스,028080,1997-04-16
삼일,032280,1997-03-15
경동인베스트,012320,1997-03-07
뉴인텍,012340,1997-02-12
아이티센씨티에스,031820,1997-02-12
에스제이엠홀딩스,025530,1997-02-12
오스템,031510,1997-02-12
디에이치엑스컴퍼니,031860,1997-01-07
피에스케이홀딩스,031980,1997-01-07
SK하이닉스,000660,1996-12-26
INVENI,015360,1996-12-24
MH에탄올,023150,1996-12-24
동남합성,023450,1996-12-24
삼성E&A,028050,1996-12-24
신도리코,029530,1996-12-24
온타이드,005320,1996-12-24
퍼시스,016800,1996-12-24
세보엠이씨,011560,1996-12-23
한일단조,024740,1996-11-29
WISCOM,024070,1996-11-22
동원수산,030720,1996-11-22
미래산업,025560,1996-11-22
다올투자증권,030210,1996-11-19
양지사,030960,1996-10-24
HDC,012630,1996-10-16
광전자,017900,1996-10-16
한국단자공업,025540,1996-10-16
원익홀딩스,030530,1996-09-24
한글과컴퓨터,030520,1996-09-24
메이슨캐피탈,021880,1996-09-02
광무,029480,1996-08-27
대호특수강,021040,1996-08-27
디아이,003160,1996-07-31
신성이엔지,011930,1996-07-31
티에이치엔,019180,1996-07-31
한온시스템,018880,1996-07-31
HLB,028300,1996-07-27
팜스토리,027710,1996-07-06
세원정공,021820,1996-07-03
영풍제지,006740,1996-07-03
유니온,000910,1996-07-03
키다리스튜디오,020120,1996-07-03
한국제지,027970,1996-07-03
한섬,020000,1996-07-03
현대엘리베이터,017800,1996-07-03
환인제약,016580,1996-07-03
삼보판지,023600,1996-05-29
삼목에스폼,018310,1996-05-03
에이스침대,003800,1996-05-03
원익큐브,014190,1996-04-26
계룡건설산업,013580,1996-01-30
서원,021050,1996-01-30
에스원,012750,1996-01-30
태경산업,015890,1996-01-30
리드코프,012700,1996-01-19
유니슨,018000,1996-01-10
아난티,025980,1996-01-06
광진실업,026910,1996-01-03
인터엠,017250,1996-01-03
신대양제지,016590,1995-12-21
와이투솔루션,011690,1995-12-21
남해화학,025860,1995-11-10
동원금속,018500,1995-11-10
성안머티리얼스,011300,1995-11-10
성우하이텍,015750,1995-11-04
대신정보통신,020180,1995-10-06
서부T&D,006730,1995-10-06
HMM,011200,1995-10-05
경인양행,012610,1995-10-05
풀무원,017810,1995-10-05
서울도시가스,017390,1995-08-18
이구산업,025820,1995-08-18
동신건설,025950,1995-08-07
동화기업,025900,1995-08-07
에넥스,011090,1995-07-08
에이프로젠,007460,1995-07-08
제이준코스메틱,025620,1995-07-08
한국카본,017960,1995-07-08
신라에스지,025870,1995-07-07
케이씨피드,025880,1995-07-07
한탑,002680,1995-07-07
한국선재,025550,1995-06-19
DH오토웨어,025440,1995-05-22
시노펙스,025320,1995-04-20
PN풍년,024940,1995-01-04
삼천리자전거,024950,1995-01-04
메디앙스,014100,1995-01-03
KBI메탈,024840,1994-12-29
경창산업,024910,1994-12-29
대륙제관,004780,1994-12-29
동원개발,013120,1994-12-29
세원물산,024830,1994-12-29
이화전기,024810,1994-12-29
케이피에프,024880,1994-12-29
KPX케미칼,025000,1994-12-27
TP,007980,1994-12-27
에스엠벡셀,010580,1994-12-27
KB오토시스,024120,1994-12-07
신원종합개발,017000,1994-12-07
흥구석유,024060,1994-12-07
대한약품,023910,1994-11-23
이화공영,001840,1994-11-23
풍국주정,023900,1994-11-23
대림제지,017650,1994-11-07
대한광통신,010170,1994-11-07
동일스틸럭스,023790,1994-11-07
플레이위드,023770,1994-11-07
한국캐피탈,023760,1994-11-07
한일사료,005860,1994-11-07
KC그린홀딩스,009440,1994-11-05
문배철강,008420,1994-11-05
웅진,016880,1994-11-05
모베이스전자,012860,1994-10-26
CNH,023460,1994-10-07
국영지앤엠,006050,1994-10-07
유진기업,023410,1994-10-07
제이스코홀딩스,023440,1994-10-07
보성파워텍,006910,1994-09-07
브이티,018290,1994-09-07
태광,023160,1994-09-07
HL D&I,014790,1994-08-12
오뚜기,007310,1994-08-12
일정실업,008500,1994-08-12
와이엠,007530,1994-08-05
엘에스일렉트릭,010120,1994-07-11
신라섬유,001000,1994-06-28
원일특강,012620,1994-06-28
서한,011370,1994-05-24
대양금속,009190,1994-04-29
이화산업,000760,1994-04-29
동원시스템즈,014820,1994-03-29
바른손,018700,1994-03-18
부방,014470,1994-02-25
삼성중공업,010140,1994-01-28
모토닉,009680,1994-01-14
화신,010690,1994-01-14
소노스퀘어,007720,1994-01-06
CBI,013720,1993-12-29
유니크,011320,1993-12-29
진로발효,018120,1993-12-29
삼보산업,009620,1993-12-07
푸드웰,005670,1993-12-07
푸른저축은행,007330,1993-12-07
피제이전자,006140,1993-12-07
베뉴지,019010,1993-11-05
엠에스씨,009780,1993-10-12
삼화페인트공업,000390,1993-09-10
경동나비엔,009450,1993-08-31
대동금속,020400,1993-07-30
광림,014200,1993-07-07
대원산업,005710,1993-06-21
큐캐피탈,016600,1993-06-21
한국가구,004590,1993-06-03
디모아,016670,1993-04-21
중앙에너비스,000440,1993-03-24
DB,012030,1993-01-06
SGC에너지,005090,1993-01-06
삼륭물산,014970,1992-12-29
대림바스,005750,1992-12-23
경동제약,011040,1992-12-18
원풍,008370,1992-12-18
네이처셀,007390,1992-11-30
삼일기업공사,002290,1992-11-30
일지테크,019540,1992-11-03
한일화학,007770,1992-09-07
한국알콜,017890,1992-08-04
대주산업,003310,1992-08-01
글로본,019660,1992-06-04
대한해운,005880,1992-04-23
세명전기,017510,1991-12-26
휴니드테크놀러지스,005870,1991-09-03
수산세보틱스,017550,1991-08-30
에이티넘인베스트,021080,1991-07-12
롯데케미칼,011170,1991-05-30
대동기어,008830,1991-05-17
세아베스틸지주,001430,1991-03-12
호텔신라,008770,1991-03-12
태경비케이,014580,1991-03-07
화승코퍼레이션,013520,1991-02-22
신흥,004080,1991-02-08
화승인더스트리,006060,1991-02-04
극동유화,014530,1991-01-31
고려산업,002140,1991-01-14
피에스텍,002230,1991-01-04
대현,016090,1990-09-20
케이비아이동국실업,001620,1990-09-15
광명전기,017040,1990-09-14
부산산업,011390,1990-09-14
STX,011810,1990-09-12
고려아연,010130,1990-07-28
이렘,009730,1990-07-27
팜젠사이언스,004720,1990-06-15
무림페이퍼,009200,1990-06-09
현대차증권,001500,1990-06-09
금비,008870,1990-06-08
대동전자,008110,1990-06-05
원림,005820,1990-04-20
서흥,008490,1990-03-27
성문전자,014910,1990-03-24
HLB글로벌,003580,1990-03-23
일진홀딩스,015860,1990-03-22
대영포장,014160,1990-03-06
영화금속,012280,1990-01-25
신풍제약,019170,1990-01-20
동성제약,002210,1990-01-19
카스,016920,1990-01-04
아센디오,012170,1989-12-20
한올바이오파마,009420,1989-12-18
하이록코리아,013030,1989-12-15
유니켐,011330,1989-12-14
대창,012800,1989-12-05
국보,001140,1989-12-02
일성건설,013360,1989-12-02
까뮤이앤씨,013700,1989-11-30
보락,002760,1989-11-30
선도전기,007610,1989-11-30
씨아이테크,004920,1989-11-30
광동제약,009290,1989-11-17
갤럭시아에스엠,011420,1989-11-14
남성,004270,1989-11-14
KISCO홀딩스,001940,1989-11-13
태영건설,009410,1989-11-13
한국특강,007280,1989-11-13
한솔로지스틱스,009180,1989-11-13
삼양통상,002170,1989-11-10
SK텔레콤,017670,1989-11-07
진양폴리우레탄,010640,1989-09-30
미창석유공업,003650,1989-09-27
삼익THK,004380,1989-09-26
미원상사,002840,1989-09-25
서연,007860,1989-09-09
SBI인베스트먼트,019550,1989-09-06
세우글로벌,013000,1989-09-05
현대모비스,012330,1989-09-05
KG케미칼,001390,1989-08-25
아진전자부품,009320,1989-08-25
현대해상,001450,1989-08-25
현대지에프홀딩스,005440,1989-08-22
한국전력공사,015760,1989-08-10
국도화학,007690,1989-08-05
녹십자,006280,1989-08-01
SIMPAC,009160,1989-07-29
윌비스,008600,1989-07-28
대창단조,015230,1989-07-25
사조산업,007160,1989-07-25
한익스프레스,014130,1989-07-25
사조동아원,008040,1989-06-24
경인전자,009140,1989-06-20
무림P&P,009580,1989-06-20
인디에프,014990,1989-06-20
한솔피엔에스,010420,1989-05-31
디와이,013570,1989-05-30
방림,003610,1989-05-30
DKME,015590,1989-05-27
한솔케미칼,014680,1989-05-20
퍼스텍,010820,1989-05-10
에스유앤피,019590,1989-03-14
플루토스,019570,1989-03-14
동원산업,006040,1989-03-07
대덕,008060,1989-01-26
한성기업,003680,1989-01-26
모헨즈,006920,1989-01-05
이스타코,015020,1988-12-23
태림포장,011280,1988-12-20
아세아제지,002310,1988-12-15
화천기계,010660,1988-12-12
CJ씨푸드,011150,1988-11-26
SHD,001770,1988-11-23
조일알미늄,018470,1988-11-22
에스엘,005850,1988-11-08
영원무역홀딩스,009970,1988-11-07
더존비즈온,012510,1988-10-28
보령,003850,1988-10-24
이건산업,008250,1988-10-21
모나리자,012690,1988-10-14
대구백화점,006370,1988-10-10
우성,006980,1988-10-10
유성기업,002920,1988-10-10
한일철강,002220,1988-10-07
삼익악기,002450,1988-09-30
HS화성,002460,1988-09-29
DN오토모티브,007340,1988-09-24
보해양조,000890,1988-09-23
상상인증권,001290,1988-09-23
혜인,003010,1988-09-20
금강공업,014280,1988-09-10
플레이그램,009810,1988-08-31
율촌화학,008730,1988-08-30
신원,009270,1988-08-24
동방,004140,1988-08-10
한국쉘석유,002960,1988-08-10
부광약품,003000,1988-08-05
풍산홀딩스,005810,1988-07-28
부국증권,001270,1988-07-19
계양전기,012200,1988-07-06
한솔테크닉스,004710,1988-07-06
DB증권,016610,1988-06-27
한미사이언스,008930,1988-06-20
삼진제약,005500,1988-06-18
POSCO홀딩스,005490,1988-06-10
범양건영,002410,1988-05-25
파미셀,005690,1988-05-20
동국홀딩스,001230,1988-05-09
대원전선,006340,1988-05-04
이수화학,005950,1988-04-28
삼성증권,016360,1988-03-28
삼영무역,002810,1988-03-28
한양증권,001750,1988-03-04
금호석유화학,011780,1988-01-22
유안타증권,003470,1988-01-21
제일파마홀딩스,002620,1988-01-20
에이엔피,015260,1988-01-18
한창제지,009460,1987-12-23
넥센,005720,1987-12-19
삼성공조,006660,1987-11-28
세방전지,004490,1987-11-28
진원생명과학,011000,1987-11-16
참엔지니어링,009310,1987-11-12
한국무브넥스,010100,1987-10-02
코스모신소재,005070,1987-09-28
덕성,004830,1987-09-25
신영증권,001720,1987-08-24
유진증권,001200,1987-08-24
유화증권,003460,1987-08-24
한신기계공업,011700,1987-07-24
코스모화학,005420,1987-07-23
가온전선,000500,1987-06-08
S-Oil,010950,1987-05-27
한화에어로스페이스,012450,1987-05-27
삼화전자공업,011230,1987-05-25
현대제철,004020,1987-05-23
써니전자,004770,1987-04-22
현대비앤지스틸,004560,1987-03-24
사조오양,006090,1986-12-24
한화투자증권,003530,1986-11-25
삼화전기,009470,1986-11-24
SK증권,001510,1986-09-20
평화홀딩스,010770,1986-03-31
일신석재,007110,1986-03-04
KG스틸,016380,1986-02-03
아이에스동서,010780,1986-01-27
SH에너지화학,002360,1985-12-23
대한화섬,003830,1985-12-23
코리아써키트,007810,1985-09-09
신세계,004170,1985-08-19
OCI홀딩스,010060,1985-07-09
삼일제약,000520,1985-05-29
인스코비,006490,1985-01-17
일성아이에스,003120,1985-01-14
현대건설,000720,1984-12-22
TCC스틸,002710,1984-12-21
에이프로젠바이오로직스,003060,1984-10-19
F&F 홀딩스,007700,1984-10-04
아남전자,008700,1984-08-11
HD현대미포,010620,1983-12-20
GS건설,006360,1981-08-03
삼아알미늄,006110,1980-12-05
한국전자홀딩스,006200,1979-11-30
삼성SDI,006400,1979-02-27
삼성전기,009150,1979-02-27
동부건설,005960,1978-10-30
케이씨티시,009070,1978-09-29
코오롱글로벌,003070,1978-09-15
빙그레,005180,1978-08-31
녹십자홀딩스,005250,1978-08-28
시알홀딩스,000480,1978-06-30
현대약품,004310,1978-06-28
남양유업,003920,1978-06-24
남선알미늄,008350,1978-05-22
한국화장품제조,003350,1978-02-06
현대코퍼레이션,011760,1977-12-01
LS,006260,1977-06-30
SK네트웍스,001740,1977-06-30
경농,002100,1977-06-30
티웨이홀딩스,004870,1977-06-30
동방아그로,007590,1977-06-29
송원산업,004430,1977-06-25
진흥기업,002780,1977-06-25
한국석유공업,004090,1977-06-25
천일고속,000650,1977-06-23
대원강업,000430,1977-06-22
만호제강,001080,1977-06-18
조광피혁,004700,1977-05-27
세방,004360,1977-05-19
동양철관,008970,1977-03-05
대유에이텍,002880,1977-02-18
남광토건,001260,1976-12-28
삼영전자공업,005680,1976-12-28
신영와코루,005800,1976-12-28
오리엔트바이오,002630,1976-12-28
조비,001550,1976-12-28
한국공항,005430,1976-12-28
조광페인트,004910,1976-12-27
SB성보,003080,1976-12-23
삼천리,004690,1976-12-23
조흥,002600,1976-12-23
금양,001570,1976-12-17
사조대림,003960,1976-09-16
비비안,002070,1976-07-13
SNT다이내믹스,003570,1976-07-08
한신공영,004960,1976-07-07
농심,004370,1976-06-30
삼영,003720,1976-06-30
성신양회,004980,1976-06-30
신라교역,004970,1976-06-30
신풍,002870,1976-06-30
종근당홀딩스,001630,1976-06-30
크라운해태홀딩스,005740,1976-06-30
한독,002390,1976-06-30
SG글로벌,001380,1976-06-29
SK디스커버리,006120,1976-06-29
샘표,007540,1976-06-29
흥아해운,003280,1976-06-29
GS글로벌,001250,1976-06-26
금호건설,002990,1976-06-26
삼부토건,001470,1976-06-26
삼화콘덴서공업,001820,1976-06-26
페이퍼코리아,001020,1976-06-26
동양,001520,1976-06-25
한화,000880,1976-06-24
JW중외제약,001060,1976-06-14
영풍,000670,1976-06-12
PKC,001340,1976-06-10
성창기업지주,000180,1976-06-02
한창,005110,1976-06-01
삼화왕관,004450,1976-05-28
KR모터스,000040,1976-05-25
고려제강,002240,1976-05-25
태양금속공업,004100,1976-05-25
SUN&L,002820,1976-05-22
DRB동일,004840,1976-05-21
넥센타이어,002350,1976-05-19
SG세계물산,004060,1976-04-19
롯데정밀화학,004000,1976-04-15
동화약품,000020,1976-03-24
DL,000210,1976-02-02
LX인터내셔널,001120,1976-01-30
국제약품,002720,1975-12-27
태광산업,003240,1975-12-27
부산주공,005030,1975-12-26
한일현대시멘트,006390,1975-12-26
CS홀딩스,000590,1975-12-22
신성통상,005390,1975-12-22
DB하이텍,000990,1975-12-12
대림통상,006570,1975-11-20
유유제약,000220,1975-11-18
강남제비스코,000860,1975-11-12
대신증권,003540,1975-10-01
NH투자증권,005940,1975-09-30
미래에셋증권,006800,1975-09-30
신일전자,002700,1975-09-30
삼성제약,001360,1975-07-04
삼성화재해상보험,000810,1975-06-30
삼양식품,003230,1975-06-30
한화손해보험,000370,1975-06-30
NI스틸,008260,1975-06-28
일동홀딩스,000230,1975-06-28
대동,000490,1975-06-27
오리온홀딩스,001800,1975-06-27
깨끗한나라,004540,1975-06-25
태원물산,001420,1975-06-24
코오롱,002020,1975-06-23
삼성전자,005930,1975-06-11
DH오토넥스,000300,1975-06-09
BYC,001460,1975-06-02
KG모빌리티,003620,1975-05-29
SPC삼립,005610,1975-05-02
흥국화재,000540,1974-12-05
일양약품,007570,1974-08-28
한진,002320,1974-08-12
한국수출포장공업,002200,1974-06-28
현대자동차,005380,1974-06-28
모나미,005360,1974-06-26
한화솔루션,009830,1974-06-19
아세아,002030,1974-06-03
카프로,006380,1974-05-28
롯데지주,004990,1974-02-16
대한방직,001070,1973-12-28
서울식품공업,004410,1973-12-28
아이에이치큐,003560,1973-12-18
LS네트웍스,000680,1973-11-15
금호전기,001210,1973-11-15
하이트진로홀딩스,000140,1973-09-19
노루홀딩스,000320,1973-08-10
기아,000270,1973-07-21
효성,004800,1973-06-30
CJ,001040,1973-06-29
두산,000150,1973-06-29
휴스틸,005010,1973-06-29
DB손해보험,005830,1973-06-28
TYM,002900,1973-06-26
대웅,003090,1973-06-26
진양산업,003780,1973-06-26
영진약품,003520,1973-06-25
케이씨씨,002380,1973-06-25
롯데칠성음료,005300,1973-06-21
일신방직,003200,1973-05-23
아모레퍼시픽홀딩스,002790,1973-04-30
제주은행,006220,1972-12-28
한솔홀딩스,004150,1972-05-17
벽산,007210,1972-01-04
롯데손해보험,000400,1971-04-16
대한제분,001130,1970-11-25
대상,001680,1970-04-01
LG,003550,1970-02-13
동아쏘시오홀딩스,000640,1970-02-10
코리안리,003690,1969-12-22
한국주철관공업,000970,1969-12-12
한일홀딩스,003300,1969-11-20
엔피씨,004250,1969-09-08
세아제강지주,003030,1969-05-13
대한전선,001440,1968-12-27
대한제당,001790,1968-12-27
삼양홀딩스,000070,1968-12-27
세기상사,002420,1968-12-27
한국앤컴퍼니,000240,1968-12-27
전방,000950,1968-10-21
대한항공,003490,1966-03-18
디아이동일,001530,1964-01-04
유한양행,000100,1962-11-01
CJ대한통운,000120,1956-07-02
경방,000050,1956-03-03
유수홀딩스,000700,1956-03-03
한진중공업홀딩스,003480,1956-03-03
